--
-- PostgreSQL database dump
--

-- Dumped from database version 17.4
-- Dumped by pg_dump version 17.5 (Homebrew)

SET statement_timeout = 0;
SET lock_timeout = 0;
SET idle_in_transaction_session_timeout = 0;
SET transaction_timeout = 0;
SET client_encoding = 'UTF8';
SET standard_conforming_strings = on;
SELECT pg_catalog.set_config('search_path', '', false);
SET check_function_bodies = false;
SET xmloption = content;
SET client_min_messages = warning;
SET row_security = off;

SET default_tablespace = '';

SET default_table_access_method = heap;

--
-- Name: auth_group; Type: TABLE; Schema: public; Owner: southindiauser
--

CREATE TABLE public.auth_group (
    id integer NOT NULL,
    name character varying(150) NOT NULL
);


ALTER TABLE public.auth_group OWNER TO southindiauser;

--
-- Name: auth_group_id_seq; Type: SEQUENCE; Schema: public; Owner: southindiauser
--

ALTER TABLE public.auth_group ALTER COLUMN id ADD GENERATED BY DEFAULT AS IDENTITY (
    SEQUENCE NAME public.auth_group_id_seq
    START WITH 1
    INCREMENT BY 1
    NO MINVALUE
    NO MAXVALUE
    CACHE 1
);


--
-- Name: auth_group_permissions; Type: TABLE; Schema: public; Owner: southindiauser
--

CREATE TABLE public.auth_group_permissions (
    id bigint NOT NULL,
    group_id integer NOT NULL,
    permission_id integer NOT NULL
);


ALTER TABLE public.auth_group_permissions OWNER TO southindiauser;

--
-- Name: auth_group_permissions_id_seq; Type: SEQUENCE; Schema: public; Owner: southindiauser
--

ALTER TABLE public.auth_group_permissions ALTER COLUMN id ADD GENERATED BY DEFAULT AS IDENTITY (
    SEQUENCE NAME public.auth_group_permissions_id_seq
    START WITH 1
    INCREMENT BY 1
    NO MINVALUE
    NO MAXVALUE
    CACHE 1
);


--
-- Name: auth_permission; Type: TABLE; Schema: public; Owner: southindiauser
--

CREATE TABLE public.auth_permission (
    id integer NOT NULL,
    name character varying(255) NOT NULL,
    content_type_id integer NOT NULL,
    codename character varying(100) NOT NULL
);


ALTER TABLE public.auth_permission OWNER TO southindiauser;

--
-- Name: auth_permission_id_seq; Type: SEQUENCE; Schema: public; Owner: southindiauser
--

ALTER TABLE public.auth_permission ALTER COLUMN id ADD GENERATED BY DEFAULT AS IDENTITY (
    SEQUENCE NAME public.auth_permission_id_seq
    START WITH 1
    INCREMENT BY 1
    NO MINVALUE
    NO MAXVALUE
    CACHE 1
);


--
-- Name: auth_user; Type: TABLE; Schema: public; Owner: southindiauser
--

CREATE TABLE public.auth_user (
    id integer NOT NULL,
    password character varying(128) NOT NULL,
    last_login timestamp with time zone,
    is_superuser boolean NOT NULL,
    username character varying(150) NOT NULL,
    first_name character varying(150) NOT NULL,
    last_name character varying(150) NOT NULL,
    email character varying(254) NOT NULL,
    is_staff boolean NOT NULL,
    is_active boolean NOT NULL,
    date_joined timestamp with time zone NOT NULL
);


ALTER TABLE public.auth_user OWNER TO southindiauser;

--
-- Name: auth_user_groups; Type: TABLE; Schema: public; Owner: southindiauser
--

CREATE TABLE public.auth_user_groups (
    id bigint NOT NULL,
    user_id integer NOT NULL,
    group_id integer NOT NULL
);


ALTER TABLE public.auth_user_groups OWNER TO southindiauser;

--
-- Name: auth_user_groups_id_seq; Type: SEQUENCE; Schema: public; Owner: southindiauser
--

ALTER TABLE public.auth_user_groups ALTER COLUMN id ADD GENERATED BY DEFAULT AS IDENTITY (
    SEQUENCE NAME public.auth_user_groups_id_seq
    START WITH 1
    INCREMENT BY 1
    NO MINVALUE
    NO MAXVALUE
    CACHE 1
);


--
-- Name: auth_user_id_seq; Type: SEQUENCE; Schema: public; Owner: southindiauser
--

ALTER TABLE public.auth_user ALTER COLUMN id ADD GENERATED BY DEFAULT AS IDENTITY (
    SEQUENCE NAME public.auth_user_id_seq
    START WITH 1
    INCREMENT BY 1
    NO MINVALUE
    NO MAXVALUE
    CACHE 1
);


--
-- Name: auth_user_user_permissions; Type: TABLE; Schema: public; Owner: southindiauser
--

CREATE TABLE public.auth_user_user_permissions (
    id bigint NOT NULL,
    user_id integer NOT NULL,
    permission_id integer NOT NULL
);


ALTER TABLE public.auth_user_user_permissions OWNER TO southindiauser;

--
-- Name: auth_user_user_permissions_id_seq; Type: SEQUENCE; Schema: public; Owner: southindiauser
--

ALTER TABLE public.auth_user_user_permissions ALTER COLUMN id ADD GENERATED BY DEFAULT AS IDENTITY (
    SEQUENCE NAME public.auth_user_user_permissions_id_seq
    START WITH 1
    INCREMENT BY 1
    NO MINVALUE
    NO MAXVALUE
    CACHE 1
);


--
-- Name: core_contact; Type: TABLE; Schema: public; Owner: southindiauser
--

CREATE TABLE public.core_contact (
    id bigint NOT NULL,
    name character varying(100) NOT NULL,
    email character varying(254) NOT NULL,
    phone character varying(20),
    subject character varying(200) NOT NULL,
    message text NOT NULL,
    created_at timestamp with time zone NOT NULL
);


ALTER TABLE public.core_contact OWNER TO southindiauser;

--
-- Name: core_contact_id_seq; Type: SEQUENCE; Schema: public; Owner: southindiauser
--

ALTER TABLE public.core_contact ALTER COLUMN id ADD GENERATED BY DEFAULT AS IDENTITY (
    SEQUENCE NAME public.core_contact_id_seq
    START WITH 1
    INCREMENT BY 1
    NO MINVALUE
    NO MAXVALUE
    CACHE 1
);


--
-- Name: core_cuisine; Type: TABLE; Schema: public; Owner: southindiauser
--

CREATE TABLE public.core_cuisine (
    id bigint NOT NULL,
    name character varying(100) NOT NULL,
    description text NOT NULL,
    state_id bigint NOT NULL
);


ALTER TABLE public.core_cuisine OWNER TO southindiauser;

--
-- Name: core_cuisine_id_seq; Type: SEQUENCE; Schema: public; Owner: southindiauser
--

ALTER TABLE public.core_cuisine ALTER COLUMN id ADD GENERATED BY DEFAULT AS IDENTITY (
    SEQUENCE NAME public.core_cuisine_id_seq
    START WITH 1
    INCREMENT BY 1
    NO MINVALUE
    NO MAXVALUE
    CACHE 1
);


--
-- Name: core_event; Type: TABLE; Schema: public; Owner: southindiauser
--

CREATE TABLE public.core_event (
    id bigint NOT NULL,
    name character varying(100) NOT NULL,
    date character varying(50) NOT NULL,
    location character varying(100) NOT NULL,
    description text NOT NULL,
    state_id bigint NOT NULL
);


ALTER TABLE public.core_event OWNER TO southindiauser;

--
-- Name: core_event_id_seq; Type: SEQUENCE; Schema: public; Owner: southindiauser
--

ALTER TABLE public.core_event ALTER COLUMN id ADD GENERATED BY DEFAULT AS IDENTITY (
    SEQUENCE NAME public.core_event_id_seq
    START WITH 1
    INCREMENT BY 1
    NO MINVALUE
    NO MAXVALUE
    CACHE 1
);


--
-- Name: core_favorite; Type: TABLE; Schema: public; Owner: southindiauser
--

CREATE TABLE public.core_favorite (
    id bigint NOT NULL,
    created_at timestamp with time zone NOT NULL,
    user_id integer NOT NULL,
    place_id bigint NOT NULL
);


ALTER TABLE public.core_favorite OWNER TO southindiauser;

--
-- Name: core_favorite_id_seq; Type: SEQUENCE; Schema: public; Owner: southindiauser
--

ALTER TABLE public.core_favorite ALTER COLUMN id ADD GENERATED BY DEFAULT AS IDENTITY (
    SEQUENCE NAME public.core_favorite_id_seq
    START WITH 1
    INCREMENT BY 1
    NO MINVALUE
    NO MAXVALUE
    CACHE 1
);


--
-- Name: core_hotel; Type: TABLE; Schema: public; Owner: southindiauser
--

CREATE TABLE public.core_hotel (
    id bigint NOT NULL,
    name character varying(100) NOT NULL,
    address character varying(200) NOT NULL,
    amenities character varying(200) NOT NULL,
    distance double precision NOT NULL,
    place_id bigint NOT NULL
);


ALTER TABLE public.core_hotel OWNER TO southindiauser;

--
-- Name: core_hotel_id_seq; Type: SEQUENCE; Schema: public; Owner: southindiauser
--

ALTER TABLE public.core_hotel ALTER COLUMN id ADD GENERATED BY DEFAULT AS IDENTITY (
    SEQUENCE NAME public.core_hotel_id_seq
    START WITH 1
    INCREMENT BY 1
    NO MINVALUE
    NO MAXVALUE
    CACHE 1
);


--
-- Name: core_inquiry; Type: TABLE; Schema: public; Owner: southindiauser
--

CREATE TABLE public.core_inquiry (
    id bigint NOT NULL,
    message text NOT NULL,
    created_at timestamp with time zone NOT NULL,
    is_resolved boolean NOT NULL,
    user_id integer,
    email character varying(254),
    name character varying(100) NOT NULL,
    phone character varying(20) NOT NULL,
    state_id bigint NOT NULL,
    travel_dates character varying(100) NOT NULL,
    travelers character varying(20) NOT NULL
);


ALTER TABLE public.core_inquiry OWNER TO southindiauser;

--
-- Name: core_inquiry_id_seq; Type: SEQUENCE; Schema: public; Owner: southindiauser
--

ALTER TABLE public.core_inquiry ALTER COLUMN id ADD GENERATED BY DEFAULT AS IDENTITY (
    SEQUENCE NAME public.core_inquiry_id_seq
    START WITH 1
    INCREMENT BY 1
    NO MINVALUE
    NO MAXVALUE
    CACHE 1
);


--
-- Name: core_itinerary; Type: TABLE; Schema: public; Owner: southindiauser
--

CREATE TABLE public.core_itinerary (
    id bigint NOT NULL,
    day integer NOT NULL,
    description text NOT NULL,
    state_id bigint NOT NULL
);


ALTER TABLE public.core_itinerary OWNER TO southindiauser;

--
-- Name: core_itinerary_id_seq; Type: SEQUENCE; Schema: public; Owner: southindiauser
--

ALTER TABLE public.core_itinerary ALTER COLUMN id ADD GENERATED BY DEFAULT AS IDENTITY (
    SEQUENCE NAME public.core_itinerary_id_seq
    START WITH 1
    INCREMENT BY 1
    NO MINVALUE
    NO MAXVALUE
    CACHE 1
);


--
-- Name: core_place; Type: TABLE; Schema: public; Owner: southindiauser
--

CREATE TABLE public.core_place (
    id bigint NOT NULL,
    name character varying(100) NOT NULL,
    category character varying(50) NOT NULL,
    description text NOT NULL,
    location character varying(200) NOT NULL,
    latitude double precision,
    longitude double precision,
    entry_fee numeric(10,2),
    visiting_hours character varying(100) NOT NULL,
    safety_tip text NOT NULL,
    average_rating double precision NOT NULL,
    visit_count integer NOT NULL,
    state_id bigint NOT NULL,
    image_url character varying(200)
);


ALTER TABLE public.core_place OWNER TO southindiauser;

--
-- Name: core_place_favorited_by; Type: TABLE; Schema: public; Owner: southindiauser
--

CREATE TABLE public.core_place_favorited_by (
    id bigint NOT NULL,
    place_id bigint NOT NULL,
    user_id integer NOT NULL
);


ALTER TABLE public.core_place_favorited_by OWNER TO southindiauser;

--
-- Name: core_place_favorited_by_id_seq; Type: SEQUENCE; Schema: public; Owner: southindiauser
--

ALTER TABLE public.core_place_favorited_by ALTER COLUMN id ADD GENERATED BY DEFAULT AS IDENTITY (
    SEQUENCE NAME public.core_place_favorited_by_id_seq
    START WITH 1
    INCREMENT BY 1
    NO MINVALUE
    NO MAXVALUE
    CACHE 1
);


--
-- Name: core_place_id_seq; Type: SEQUENCE; Schema: public; Owner: southindiauser
--

ALTER TABLE public.core_place ALTER COLUMN id ADD GENERATED BY DEFAULT AS IDENTITY (
    SEQUENCE NAME public.core_place_id_seq
    START WITH 1
    INCREMENT BY 1
    NO MINVALUE
    NO MAXVALUE
    CACHE 1
);


--
-- Name: core_post; Type: TABLE; Schema: public; Owner: southindiauser
--

CREATE TABLE public.core_post (
    id bigint NOT NULL,
    title character varying(200) NOT NULL,
    content text NOT NULL,
    created_at timestamp with time zone NOT NULL,
    updated_at timestamp with time zone NOT NULL,
    author_id integer NOT NULL,
    state_id bigint NOT NULL
);


ALTER TABLE public.core_post OWNER TO southindiauser;

--
-- Name: core_post_favorites; Type: TABLE; Schema: public; Owner: southindiauser
--

CREATE TABLE public.core_post_favorites (
    id bigint NOT NULL,
    post_id bigint NOT NULL,
    user_id integer NOT NULL
);


ALTER TABLE public.core_post_favorites OWNER TO southindiauser;

--
-- Name: core_post_favorites_id_seq; Type: SEQUENCE; Schema: public; Owner: southindiauser
--

ALTER TABLE public.core_post_favorites ALTER COLUMN id ADD GENERATED BY DEFAULT AS IDENTITY (
    SEQUENCE NAME public.core_post_favorites_id_seq
    START WITH 1
    INCREMENT BY 1
    NO MINVALUE
    NO MAXVALUE
    CACHE 1
);


--
-- Name: core_post_id_seq; Type: SEQUENCE; Schema: public; Owner: southindiauser
--

ALTER TABLE public.core_post ALTER COLUMN id ADD GENERATED BY DEFAULT AS IDENTITY (
    SEQUENCE NAME public.core_post_id_seq
    START WITH 1
    INCREMENT BY 1
    NO MINVALUE
    NO MAXVALUE
    CACHE 1
);


--
-- Name: core_restaurant; Type: TABLE; Schema: public; Owner: southindiauser
--

CREATE TABLE public.core_restaurant (
    id bigint NOT NULL,
    name character varying(100) NOT NULL,
    specialty character varying(100) NOT NULL,
    average_cost numeric(10,2) NOT NULL,
    state_id bigint NOT NULL
);


ALTER TABLE public.core_restaurant OWNER TO southindiauser;

--
-- Name: core_restaurant_id_seq; Type: SEQUENCE; Schema: public; Owner: southindiauser
--

ALTER TABLE public.core_restaurant ALTER COLUMN id ADD GENERATED BY DEFAULT AS IDENTITY (
    SEQUENCE NAME public.core_restaurant_id_seq
    START WITH 1
    INCREMENT BY 1
    NO MINVALUE
    NO MAXVALUE
    CACHE 1
);


--
-- Name: core_review; Type: TABLE; Schema: public; Owner: southindiauser
--

CREATE TABLE public.core_review (
    id bigint NOT NULL,
    rating integer NOT NULL,
    comment text NOT NULL,
    created_at timestamp with time zone NOT NULL,
    place_id bigint NOT NULL,
    user_id integer NOT NULL,
    state_id bigint NOT NULL
);


ALTER TABLE public.core_review OWNER TO southindiauser;

--
-- Name: core_review_id_seq; Type: SEQUENCE; Schema: public; Owner: southindiauser
--

ALTER TABLE public.core_review ALTER COLUMN id ADD GENERATED BY DEFAULT AS IDENTITY (
    SEQUENCE NAME public.core_review_id_seq
    START WITH 1
    INCREMENT BY 1
    NO MINVALUE
    NO MAXVALUE
    CACHE 1
);


--
-- Name: core_state; Type: TABLE; Schema: public; Owner: southindiauser
--

CREATE TABLE public.core_state (
    id bigint NOT NULL,
    name character varying(100) NOT NULL,
    slug character varying(50) NOT NULL,
    description text NOT NULL,
    history text NOT NULL,
    culture text NOT NULL,
    climate text NOT NULL,
    best_time_to_visit text NOT NULL,
    cultural_safety_tips jsonb NOT NULL
);


ALTER TABLE public.core_state OWNER TO southindiauser;

--
-- Name: core_state_favorites; Type: TABLE; Schema: public; Owner: southindiauser
--

CREATE TABLE public.core_state_favorites (
    id bigint NOT NULL,
    state_id bigint NOT NULL,
    user_id integer NOT NULL
);


ALTER TABLE public.core_state_favorites OWNER TO southindiauser;

--
-- Name: core_state_favorites_id_seq; Type: SEQUENCE; Schema: public; Owner: southindiauser
--

ALTER TABLE public.core_state_favorites ALTER COLUMN id ADD GENERATED BY DEFAULT AS IDENTITY (
    SEQUENCE NAME public.core_state_favorites_id_seq
    START WITH 1
    INCREMENT BY 1
    NO MINVALUE
    NO MAXVALUE
    CACHE 1
);


--
-- Name: core_state_id_seq; Type: SEQUENCE; Schema: public; Owner: southindiauser
--

ALTER TABLE public.core_state ALTER COLUMN id ADD GENERATED BY DEFAULT AS IDENTITY (
    SEQUENCE NAME public.core_state_id_seq
    START WITH 1
    INCREMENT BY 1
    NO MINVALUE
    NO MAXVALUE
    CACHE 1
);


--
-- Name: core_telegramuser; Type: TABLE; Schema: public; Owner: southindiauser
--

CREATE TABLE public.core_telegramuser (
    id bigint NOT NULL,
    telegram_username character varying(100) NOT NULL,
    chat_id character varying(100) NOT NULL,
    user_id integer
);


ALTER TABLE public.core_telegramuser OWNER TO southindiauser;

--
-- Name: core_telegramuser_id_seq; Type: SEQUENCE; Schema: public; Owner: southindiauser
--

ALTER TABLE public.core_telegramuser ALTER COLUMN id ADD GENERATED BY DEFAULT AS IDENTITY (
    SEQUENCE NAME public.core_telegramuser_id_seq
    START WITH 1
    INCREMENT BY 1
    NO MINVALUE
    NO MAXVALUE
    CACHE 1
);


--
-- Name: core_transportationoption; Type: TABLE; Schema: public; Owner: southindiauser
--

CREATE TABLE public.core_transportationoption (
    id bigint NOT NULL,
    transport_type character varying(10) NOT NULL,
    name character varying(100) NOT NULL,
    description text NOT NULL,
    cost numeric(10,2) NOT NULL,
    duration character varying(50) NOT NULL,
    state_id bigint NOT NULL
);


ALTER TABLE public.core_transportationoption OWNER TO southindiauser;

--
-- Name: core_transportationoption_id_seq; Type: SEQUENCE; Schema: public; Owner: southindiauser
--

ALTER TABLE public.core_transportationoption ALTER COLUMN id ADD GENERATED BY DEFAULT AS IDENTITY (
    SEQUENCE NAME public.core_transportationoption_id_seq
    START WITH 1
    INCREMENT BY 1
    NO MINVALUE
    NO MAXVALUE
    CACHE 1
);


--
-- Name: core_userprofile; Type: TABLE; Schema: public; Owner: southindiauser
--

CREATE TABLE public.core_userprofile (
    id bigint NOT NULL,
    travel_style character varying(50) NOT NULL,
    user_id integer NOT NULL,
    achievements jsonb NOT NULL,
    ai_personality_analysis jsonb NOT NULL,
    bio text NOT NULL,
    favorite_state_id bigint,
    location character varying(100) NOT NULL,
    phone_number character varying(15) NOT NULL,
    profile_picture character varying(200),
    total_favorites integer NOT NULL,
    total_places_visited integer NOT NULL,
    total_reviews integer NOT NULL,
    travel_bucket_list jsonb NOT NULL
);


ALTER TABLE public.core_userprofile OWNER TO southindiauser;

--
-- Name: core_userprofile_id_seq; Type: SEQUENCE; Schema: public; Owner: southindiauser
--

ALTER TABLE public.core_userprofile ALTER COLUMN id ADD GENERATED BY DEFAULT AS IDENTITY (
    SEQUENCE NAME public.core_userprofile_id_seq
    START WITH 1
    INCREMENT BY 1
    NO MINVALUE
    NO MAXVALUE
    CACHE 1
);


--
-- Name: django_admin_log; Type: TABLE; Schema: public; Owner: southindiauser
--

CREATE TABLE public.django_admin_log (
    id integer NOT NULL,
    action_time timestamp with time zone NOT NULL,
    object_id text,
    object_repr character varying(200) NOT NULL,
    action_flag smallint NOT NULL,
    change_message text NOT NULL,
    content_type_id integer,
    user_id integer NOT NULL,
    CONSTRAINT django_admin_log_action_flag_check CHECK ((action_flag >= 0))
);


ALTER TABLE public.django_admin_log OWNER TO southindiauser;

--
-- Name: django_admin_log_id_seq; Type: SEQUENCE; Schema: public; Owner: southindiauser
--

ALTER TABLE public.django_admin_log ALTER COLUMN id ADD GENERATED BY DEFAULT AS IDENTITY (
    SEQUENCE NAME public.django_admin_log_id_seq
    START WITH 1
    INCREMENT BY 1
    NO MINVALUE
    NO MAXVALUE
    CACHE 1
);


--
-- Name: django_content_type; Type: TABLE; Schema: public; Owner: southindiauser
--

CREATE TABLE public.django_content_type (
    id integer NOT NULL,
    app_label character varying(100) NOT NULL,
    model character varying(100) NOT NULL
);


ALTER TABLE public.django_content_type OWNER TO southindiauser;

--
-- Name: django_content_type_id_seq; Type: SEQUENCE; Schema: public; Owner: southindiauser
--

ALTER TABLE public.django_content_type ALTER COLUMN id ADD GENERATED BY DEFAULT AS IDENTITY (
    SEQUENCE NAME public.django_content_type_id_seq
    START WITH 1
    INCREMENT BY 1
    NO MINVALUE
    NO MAXVALUE
    CACHE 1
);


--
-- Name: django_migrations; Type: TABLE; Schema: public; Owner: southindiauser
--

CREATE TABLE public.django_migrations (
    id bigint NOT NULL,
    app character varying(255) NOT NULL,
    name character varying(255) NOT NULL,
    applied timestamp with time zone NOT NULL
);


ALTER TABLE public.django_migrations OWNER TO southindiauser;

--
-- Name: django_migrations_id_seq; Type: SEQUENCE; Schema: public; Owner: southindiauser
--

ALTER TABLE public.django_migrations ALTER COLUMN id ADD GENERATED BY DEFAULT AS IDENTITY (
    SEQUENCE NAME public.django_migrations_id_seq
    START WITH 1
    INCREMENT BY 1
    NO MINVALUE
    NO MAXVALUE
    CACHE 1
);


--
-- Name: django_session; Type: TABLE; Schema: public; Owner: southindiauser
--

CREATE TABLE public.django_session (
    session_key character varying(40) NOT NULL,
    session_data text NOT NULL,
    expire_date timestamp with time zone NOT NULL
);


ALTER TABLE public.django_session OWNER TO southindiauser;

--
-- Data for Name: auth_group; Type: TABLE DATA; Schema: public; Owner: southindiauser
--

COPY public.auth_group (id, name) FROM stdin;
\.


--
-- Data for Name: auth_group_permissions; Type: TABLE DATA; Schema: public; Owner: southindiauser
--

COPY public.auth_group_permissions (id, group_id, permission_id) FROM stdin;
\.


--
-- Data for Name: auth_permission; Type: TABLE DATA; Schema: public; Owner: southindiauser
--

COPY public.auth_permission (id, name, content_type_id, codename) FROM stdin;
1	Can add contact	1	add_contact
2	Can change contact	1	change_contact
3	Can delete contact	1	delete_contact
4	Can view contact	1	view_contact
5	Can add inquiry	2	add_inquiry
6	Can change inquiry	2	change_inquiry
7	Can delete inquiry	2	delete_inquiry
8	Can view inquiry	2	view_inquiry
9	Can add place	3	add_place
10	Can change place	3	change_place
11	Can delete place	3	delete_place
12	Can view place	3	view_place
13	Can add hotel	4	add_hotel
14	Can change hotel	4	change_hotel
15	Can delete hotel	4	delete_hotel
16	Can view hotel	4	view_hotel
17	Can add state	5	add_state
18	Can change state	5	change_state
19	Can delete state	5	delete_state
20	Can view state	5	view_state
21	Can add review	6	add_review
22	Can change review	6	change_review
23	Can delete review	6	delete_review
24	Can view review	6	view_review
25	Can add restaurant	7	add_restaurant
26	Can change restaurant	7	change_restaurant
27	Can delete restaurant	7	delete_restaurant
28	Can view restaurant	7	view_restaurant
29	Can add post	8	add_post
30	Can change post	8	change_post
31	Can delete post	8	delete_post
32	Can view post	8	view_post
33	Can add itinerary	9	add_itinerary
34	Can change itinerary	9	change_itinerary
35	Can delete itinerary	9	delete_itinerary
36	Can view itinerary	9	view_itinerary
37	Can add event	10	add_event
38	Can change event	10	change_event
39	Can delete event	10	delete_event
40	Can view event	10	view_event
41	Can add cuisine	11	add_cuisine
42	Can change cuisine	11	change_cuisine
43	Can delete cuisine	11	delete_cuisine
44	Can view cuisine	11	view_cuisine
45	Can add telegram user	12	add_telegramuser
46	Can change telegram user	12	change_telegramuser
47	Can delete telegram user	12	delete_telegramuser
48	Can view telegram user	12	view_telegramuser
49	Can add transportation option	13	add_transportationoption
50	Can change transportation option	13	change_transportationoption
51	Can delete transportation option	13	delete_transportationoption
52	Can view transportation option	13	view_transportationoption
53	Can add user profile	14	add_userprofile
54	Can change user profile	14	change_userprofile
55	Can delete user profile	14	delete_userprofile
56	Can view user profile	14	view_userprofile
57	Can add favorite	15	add_favorite
58	Can change favorite	15	change_favorite
59	Can delete favorite	15	delete_favorite
60	Can view favorite	15	view_favorite
61	Can add log entry	16	add_logentry
62	Can change log entry	16	change_logentry
63	Can delete log entry	16	delete_logentry
64	Can view log entry	16	view_logentry
65	Can add permission	17	add_permission
66	Can change permission	17	change_permission
67	Can delete permission	17	delete_permission
68	Can view permission	17	view_permission
69	Can add group	18	add_group
70	Can change group	18	change_group
71	Can delete group	18	delete_group
72	Can view group	18	view_group
73	Can add user	19	add_user
74	Can change user	19	change_user
75	Can delete user	19	delete_user
76	Can view user	19	view_user
77	Can add content type	20	add_contenttype
78	Can change content type	20	change_contenttype
79	Can delete content type	20	delete_contenttype
80	Can view content type	20	view_contenttype
81	Can add session	21	add_session
82	Can change session	21	change_session
83	Can delete session	21	delete_session
84	Can view session	21	view_session
85	Can add activity	22	add_activity
86	Can change activity	22	change_activity
87	Can delete activity	22	delete_activity
88	Can view activity	22	view_activity
89	Can add user preference	23	add_userpreference
90	Can change user preference	23	change_userpreference
91	Can delete user preference	23	delete_userpreference
92	Can view user preference	23	view_userpreference
93	Can add visit	24	add_visit
94	Can change visit	24	change_visit
95	Can delete visit	24	delete_visit
96	Can view visit	24	view_visit
\.


--
-- Data for Name: auth_user; Type: TABLE DATA; Schema: public; Owner: southindiauser
--

COPY public.auth_user (id, password, last_login, is_superuser, username, first_name, last_name, email, is_staff, is_active, date_joined) FROM stdin;
2	pbkdf2_sha256$1000000$98VZ0SjYk20eeM7BbpTZ1c$PYF2pRch4S7j1DM0XdikR7sFBH+asV0JqsL8aZznvnw=	2025-05-30 15:38:42.065258+05:30	f	rahulnani				f	t	2025-05-30 15:38:41.556849+05:30
3	pbkdf2_sha256$1000000$VW0ZZPzipuQA6FzZQU7Mzj$IpPvZJ8oauMxMkElS1zs2F2YRdfogoAPDrF1FLoY0/k=	2025-06-10 00:04:36.489714+05:30	f	jogi				f	t	2025-06-10 00:03:17.690332+05:30
1	pbkdf2_sha256$1000000$CQWwUMEblq7sxTwaLN8cKV$R2qT4BJDgdYZk1w24s77UPj42Ejpyaf9T8fB13yFEgk=	2025-06-28 01:57:20.030994+05:30	t	rahuln				t	t	2025-05-30 15:20:02.428511+05:30
\.


--
-- Data for Name: auth_user_groups; Type: TABLE DATA; Schema: public; Owner: southindiauser
--

COPY public.auth_user_groups (id, user_id, group_id) FROM stdin;
\.


--
-- Data for Name: auth_user_user_permissions; Type: TABLE DATA; Schema: public; Owner: southindiauser
--

COPY public.auth_user_user_permissions (id, user_id, permission_id) FROM stdin;
\.


--
-- Data for Name: core_contact; Type: TABLE DATA; Schema: public; Owner: southindiauser
--

COPY public.core_contact (id, name, email, phone, subject, message, created_at) FROM stdin;
1	rahul nani	rahulview65@gmail.com	7075960680	Doubt on places	yess contact	2025-06-19 15:57:48.083882+05:30
2	rahul nani	rahulview65@gmail.com	7075960680	fuck you	waste website	2025-06-19 23:36:34.67547+05:30
4	rahul nani	am.en.u4aie22036@am.students.amrita.edu	\N	Doubt on places	hii	2025-06-28 00:02:49.259039+05:30
5	rahul nani	am.en.u4aie22036@am.students.amrita.edu	\N	Doubt on places	hii	2025-06-28 00:03:11.147267+05:30
\.


--
-- Data for Name: core_cuisine; Type: TABLE DATA; Schema: public; Owner: southindiauser
--

COPY public.core_cuisine (id, name, description, state_id) FROM stdin;
4	Kerala Sadya	A traditional vegetarian feast served on banana leaves with over 20 dishes including rice, sambar, rasam, avial, thoran, and payasam. This elaborate meal is served during festivals and special occasions.	1
5	Kerala Fish Curry	Spicy fish curry made with coconut milk, tamarind, and aromatic spices. Popular varieties include karimeen (pearl spot fish) curry and chemmeen (prawn) curry.	1
6	Appam with Stew	Soft, fluffy rice pancakes served with vegetable or chicken stew. The appam has a crispy edge and soft center, perfect for soaking up the flavorful stew.	1
7	Puttu and Kadala Curry	Steamed rice cake cylinders served with black chickpea curry. A popular breakfast dish that is both nutritious and delicious.	1
8	Malabar Biryani	Aromatic rice dish cooked with meat, spices, and herbs. The Malabar version is known for its unique blend of spices and the use of short-grain rice.	1
9	Bisi Bele Bath	A spicy rice dish made with lentils, vegetables, and aromatic spices. This one-pot meal is a signature dish of Karnataka and is often served with papad and raita.	2
10	Mangalorean Fish Curry	Spicy fish curry from the coastal region of Mangalore, made with coconut, tamarind, and red chilies. Known for its fiery taste and rich flavors.	2
11	Ragi Mudde	Steamed finger millet balls served with spicy curry. A traditional rural dish that is highly nutritious and filling.	2
12	Mysore Masala Dosa	Crispy dosa served with potato filling and coconut chutney. The Mysore version is known for its red chutney spread inside the dosa.	2
13	Coorg Pandi Curry	Spicy pork curry from the Coorg region, made with local spices and vinegar. A must-try for meat lovers visiting Karnataka.	2
14	Andhra Chicken Curry	Spicy chicken curry made with red chilies, tamarind, and aromatic spices. Known for its fiery taste and rich gravy.	4
15	Gongura Pachadi	Tangy chutney made with sorrel leaves, red chilies, and spices. A traditional accompaniment that adds a unique sour taste to meals.	4
16	Pesarattu	Green gram dosa served with ginger chutney. A healthy breakfast option that is both nutritious and delicious.	4
17	Andhra Biryani	Fragrant rice dish cooked with meat, spices, and herbs. The Andhra version is known for its spicy taste and generous use of chilies.	4
18	Gutti Vankaya	Stuffed brinjal curry made with ground spices and tamarind. A vegetarian delicacy that showcases the region's love for spicy food.	4
19	Hyderabadi Biryani	Famous aromatic rice dish cooked with meat, saffron, and spices. The Hyderabadi version is known for its dum cooking method and rich flavors.	5
20	Mirchi ka Salan	Spicy curry made with green chilies, peanuts, and sesame seeds. A traditional accompaniment to biryani that adds heat and flavor.	5
21	Double ka Meetha	Sweet bread pudding made with fried bread, milk, and nuts. A traditional dessert served during festivals and special occasions.	5
22	Bagara Baingan	Spicy brinjal curry made with ground spices and tamarind. A vegetarian dish that is rich in flavors and textures.	5
23	Qubani ka Meetha	Sweet dish made with dried apricots, nuts, and cream. A royal dessert that showcases the region's Persian influences.	5
24	Idli Sambar	Steamed rice cakes served with lentil soup and coconut chutney. A healthy breakfast staple that is loved across India.	6
25	Chettinad Chicken	Spicy chicken curry from the Chettinad region, made with a unique blend of spices and aromatics. Known for its bold flavors and rich taste.	6
26	Pongal	Rice and lentil dish cooked with ghee and black pepper. A traditional breakfast dish that is both nutritious and comforting.	6
27	Rasam	Spicy and tangy soup made with tamarind, tomatoes, and spices. A traditional accompaniment that aids digestion.	6
28	Filter Coffee	Strong coffee made with chicory and served with frothy milk. A cultural icon of Tamil Nadu that is enjoyed throughout the day.	6
\.


--
-- Data for Name: core_event; Type: TABLE DATA; Schema: public; Owner: southindiauser
--

COPY public.core_event (id, name, date, location, description, state_id) FROM stdin;
1	Pongal Festival	January 14, 2025	Statewide	A harvest festival celebrating with traditional dishes and kolam designs.	6
2	Chithirai Festival	April 15, 2025	Madurai	A grand celebration at Meenakshi Temple with processions.	6
\.


--
-- Data for Name: core_favorite; Type: TABLE DATA; Schema: public; Owner: southindiauser
--

COPY public.core_favorite (id, created_at, user_id, place_id) FROM stdin;
2	2025-06-07 15:12:18.460435+05:30	1	22
3	2025-06-08 15:17:11.255075+05:30	1	21
4	2025-06-09 23:51:49.270328+05:30	1	19
5	2025-06-10 00:04:50.541905+05:30	3	22
6	2025-06-18 23:47:05.05664+05:30	1	33
7	2025-06-20 17:10:04.252486+05:30	1	17
8	2025-06-21 00:23:12.310571+05:30	1	38
9	2025-06-21 02:41:38.841454+05:30	1	81
10	2025-06-21 03:33:32.148119+05:30	1	14
11	2025-06-21 04:09:50.874275+05:30	1	94
12	2025-06-21 04:09:53.982286+05:30	1	93
13	2025-06-21 04:12:20.243707+05:30	1	92
14	2025-06-21 14:32:19.212006+05:30	1	55
15	2025-06-21 14:39:40.682057+05:30	1	77
16	2025-06-21 14:45:13.066012+05:30	1	63
17	2025-06-21 14:45:16.004326+05:30	1	62
18	2025-06-21 15:42:20.928456+05:30	1	108
19	2025-06-21 16:34:54.617376+05:30	1	78
20	2025-06-25 22:42:15.96812+05:30	1	15
21	2025-06-26 14:59:43.475657+05:30	1	116
22	2025-06-26 15:02:38.0692+05:30	1	114
23	2025-06-26 15:08:09.123319+05:30	1	106
24	2025-06-26 15:08:14.182772+05:30	1	97
25	2025-06-26 15:08:48.82521+05:30	1	5
26	2025-06-26 15:09:12.145455+05:30	1	57
27	2025-06-26 15:13:51.070551+05:30	1	2
29	2025-06-26 15:20:28.806535+05:30	1	113
30	2025-06-26 15:23:48.567011+05:30	1	13
32	2025-06-26 15:47:32.585815+05:30	1	28
33	2025-06-26 15:47:34.554075+05:30	1	96
34	2025-06-26 15:51:38.76447+05:30	1	95
35	2025-06-26 15:57:20.870491+05:30	1	1
37	2025-06-26 16:10:50.372456+05:30	1	82
39	2025-06-26 16:42:46.704512+05:30	1	18
40	2025-06-26 16:42:57.006356+05:30	1	45
41	2025-06-26 16:46:17.772458+05:30	1	52
42	2025-06-26 16:46:24.592678+05:30	1	54
44	2025-06-26 17:00:22.575701+05:30	1	16
45	2025-06-26 17:00:33.359587+05:30	1	42
46	2025-06-26 17:01:05.231586+05:30	1	40
47	2025-06-26 17:04:12.051887+05:30	1	49
48	2025-06-26 17:04:13.346728+05:30	1	48
49	2025-06-26 17:15:05.916892+05:30	1	46
50	2025-06-26 17:15:32.81473+05:30	1	53
51	2025-06-26 17:20:47.391073+05:30	1	41
53	2025-06-26 17:30:52.702184+05:30	1	20
54	2025-06-26 17:32:57.487536+05:30	1	30
\.


--
-- Data for Name: core_hotel; Type: TABLE DATA; Schema: public; Owner: southindiauser
--

COPY public.core_hotel (id, name, address, amenities, distance, place_id) FROM stdin;
1	Munnar Tea Resort	Tea Valley Road, Munnar	Wi-Fi, Breakfast, Spa	2	1
2	Alleppey Backwater Inn	Lake Road, Alleppey	Houseboat, Wi-Fi, Breakfast	1.5	2
3	Hampi Heritage Hotel	Temple Road, Hampi	Wi-Fi, Guided Tours, Breakfast	3	4
4	Coorg Coffee Estate	Plantation Road, Coorg	Nature Walks, Wi-Fi, Restaurant	2.8	5
7	Tirupati Grand Hotel	Temple Road, Tirupati	Wi-Fi, Breakfast, Parking	1	13
8	Araku Valley Resort	Hilltop Road, Araku Valley	Nature Walks, Wi-Fi, Restaurant	2.5	14
9	Hyderabad Pearl Hotel	Charminar Road, Hyderabad	Wi-Fi, Restaurant, Parking	1	16
10	Warangal Heritage Inn	Fort Road, Warangal	Wi-Fi, Breakfast, Guided Tours	2	17
11	Hotel Shiv Shanthi Inn	s road, opp. Railway Station, near by Main Bus StandPeyton, Upper Bazar, Ooty, Tamil Nadu 643001•093451 13119	wifi,pool,ac,parking	5	22
\.


--
-- Data for Name: core_inquiry; Type: TABLE DATA; Schema: public; Owner: southindiauser
--

COPY public.core_inquiry (id, message, created_at, is_resolved, user_id, email, name, phone, state_id, travel_dates, travelers) FROM stdin;
1	goof	2025-06-18 15:23:25.37961+05:30	f	1	rahulview65@gmail.com	rahul nani	7984737900	6	dec 5	2
2	joooo	2025-06-19 15:18:15.573502+05:30	f	1	sai@gmail.com	rahul nani	7984737900	6	feb 4	2
3	joooo	2025-06-19 15:19:27.583256+05:30	f	1	sai@gmail.com	rahul nani	7984737900	6	feb 4	2
4	need help	2025-06-19 15:20:02.474923+05:30	f	1	sai@gmail.com	ram	7984737900	6	feb 4	5+
5	mojiuhuhuh	2025-06-21 01:54:35.157907+05:30	f	1	rahulview65@gmail.com	rahul nani	7984737900	2	dec 5	4
6	uuu	2025-06-26 18:12:25.543778+05:30	f	1	am.en.u4aie22036@am.students.amrita.edu	tyu	70759 60680	6	dec 15	2
\.


--
-- Data for Name: core_itinerary; Type: TABLE DATA; Schema: public; Owner: southindiauser
--

COPY public.core_itinerary (id, day, description, state_id) FROM stdin;
1	1	Arrive in Chennai, visit Marina Beach, and explore local markets.	6
2	2	Travel to Mahabalipuram, visit the Shore Temple, and enjoy the beach.	6
3	3	Head to Madurai, explore Meenakshi Temple, and attend a cultural event.	6
\.


--
-- Data for Name: core_place; Type: TABLE DATA; Schema: public; Owner: southindiauser
--

COPY public.core_place (id, name, category, description, location, latitude, longitude, entry_fee, visiting_hours, safety_tip, average_rating, visit_count, state_id, image_url) FROM stdin;
1	Munnar	Hill Station	A picturesque hill station with tea plantations and misty mountains.		10.0889	77.0595	\N			0	0	1	\N
2	Alleppey	Backwaters	Famous for its houseboat cruises and serene backwaters.		9.4981	76.3388	\N			0	0	1	\N
3	Kochi	Coastal	A vibrant port city known for its Chinese fishing nets and colonial history.		9.9312	76.2673	\N			0	0	1	\N
4	Hampi	Historical	A UNESCO World Heritage site with ancient ruins and temples.		15.335	76.46	\N			0	0	2	\N
5	Coorg	Hill Station	Known for coffee plantations, waterfalls, and misty hills.		12.3375	75.8069	\N			0	0	2	\N
6	Mysore	Cultural	Famous for its royal heritage and the Mysore Palace.		12.2958	76.6394	\N			0	0	2	\N
13	Tirupati	Spiritual	Home to the famous Tirumala Venkateswara Temple.		13.6288	79.4192	\N			0	0	4	\N
14	Araku Valley	Hill Station	A scenic hill station known for its coffee plantations and caves.		18.326	82.879	\N			0	0	4	\N
15	Vijayawada	Cultural	Known for the Kanaka Durga Temple and the Krishna River.		16.5062	80.648	\N			0	0	4	\N
16	Hyderabad	Urban	The City of Pearls, known for its Charminar and biryani.		17.385	78.4867	\N			0	0	5	\N
17	Warangal	Historical	Famous for its ancient temples and the Warangal Fort.		17.9784	79.5941	\N			0	0	5	\N
18	Nizamabad	Cultural	Known for its historical monuments and temples.		18.672	78.0941	\N			0	0	5	\N
19	Meenakshi Temple	religious	A historic Hindu temple with towering gopurams, dedicated to Goddess Meenakshi.	Madurai	9.9195	78.1192	50.00	9 AM - 7 PM	Beware of crowded areas inside the temple.	4.5	100	6	\N
20	Marina Beach	natural	One of the longest urban beaches in the world, perfect for a sunrise stroll.	Chennai	13.05	80.2824	0.00	Open 24 hours	Avoid swimming due to strong currents.	4.5	100	6	\N
21	Mahabalipuram	historical	A UNESCO World Heritage site with ancient rock-cut temples and sculptures.	Near Chennai	12.6208	80.1945	500.00	6 AM - 6 PM	Wear sunscreen as it can get very sunny.	4.5	100	6	\N
22	Ooty Hill Station	natural	A scenic hill station in the Nilgiris, known for its tea plantations and cool climate.	Ooty	11.4102	76.695	0.00	Open 24 hours	Carry warm clothing for the chilly evenings.	4.5	100	6	\N
23	Government Museum	recommended	Recommended place: Government Museum		11.4122967	76.715323	\N			0	0	1	\N
24	Government Botanical Garden	recommended	Recommended place: Government Botanical Garden		11.4188751	76.7113878	\N			0	0	1	\N
25	Doddabetta Ooty Highest Point	recommended	Recommended place: Doddabetta Ooty Highest Point		11.4009317	76.735599	\N			0	0	1	\N
26	Govt. Museum Madurai	recommended	Recommended place: Govt. Museum Madurai		9.9299384	78.1383858	\N			0	0	1	\N
27	Sterling Ooty - Fern Hill	recommended	Recommended place: Sterling Ooty - Fern Hill		11.3904175	76.6986064	\N			0	0	1	\N
28	Kanyakumari Beach	recommended	Recommended place: Kanyakumari Beach		8.0866137	77.5544412	\N			0	0	1	\N
29	Brihadeeswarar Temple	religious	A UNESCO World Heritage Chola temple known for its massive gopuram and intricate stone carvings.	Thanjavur	10.7828	79.1315	0.00	6 AM - 12:30 PM, 4 PM - 8:30 PM	Dress modestly and respect temple customs.	4.8	80	6	\N
30	Ramanathaswamy Temple	religious	A sacred pilgrimage site with 22 holy wells and long ornate corridors, linked to the Ramayana.	Rameswaram	9.2881	79.3174	0.00	5 AM - 1 PM, 3 PM - 9 PM	Avoid carrying leather items and follow temple rituals.	4.7	85	6	\N
31	Kapaleeshwarar Temple	religious	A vibrant Dravidian temple dedicated to Lord Shiva, known for its colorful gopuram and festivals.	Chennai	13.0334	80.2707	0.00	6 AM - 1 PM, 4 PM - 9 PM	Avoid visiting during peak festival times for less crowd.	4.6	75	6	\N
32	Airavateswara Temple	historical	A UNESCO World Heritage Chola temple with exquisite carvings and architectural grandeur.	Darasuram, Kumbakonam	10.9483	79.3567	0.00	6 AM - 12 PM, 4 PM - 8 PM	Hire a guide to appreciate the detailed carvings.	4.7	60	6	\N
33	Gingee Fort	historical	A formidable hill fort known as the "Troy of the East," offering panoramic views and historical significance.	Gingee	12.25	79.4167	20.00	9 AM - 5 PM	Wear comfortable shoes for climbing the fort.	4.4	50	6	\N
34	Kodaikanal	Hill Station	A serene hill station with lakes, waterfalls, and lush greenery, ideal for relaxation.	Kodaikanal	10.2381	77.4892	0.00	Open 24 hours	Carry warm clothing for cool evenings.	4.5	70	6	\N
35	Yercaud	Hill Station	A tranquil hill station in the Eastern Ghats, known for coffee plantations and serene lakes.	Salem	11.7753	78.2095	0.00	Open 24 hours	Use insect repellent for outdoor activities.	4.3	55	6	\N
36	Dhanushkodi Beach	natural	A pristine beach at a ghost town, located at the confluence of the Bay of Bengal and Indian Ocean.	Rameswaram	9.1784	79.4153	0.00	6 AM - 5 PM	Avoid visiting after sunset due to limited facilities.	4.5	60	6	\N
37	Mudumalai National Park	Wildlife	A biodiversity-rich national park in the Nilgiris, home to tigers, elephants, and diverse flora.	Nilgiris	11.57	76.55	30.00	6 AM - 6 PM	Follow safari guidelines and avoid feeding wildlife.	4.4	65	6	\N
38	Chettinad Mansions	Cultural	Historic mansions showcasing Chettiar architecture, known for their intricate designs and heritage.	Karaikudi	10.07	78.78	100.00	9 AM - 5 PM	Respect private property and seek permission for photography.	4.3	50	6	\N
39	Pamban Bridge	recommended	Recommended place: Pamban Bridge		9.282935499999999	79.19553239999999	\N			0	0	1	\N
40	Bhadrachalam Temple	religious	A revered temple on the Godavari River dedicated to Lord Rama, known for its vibrant festivals.	Bhadrachalam	17.6688	80.8937	0.00	4:30 AM - 12 PM, 3 PM - 8:30 PM	Dress modestly and avoid visiting during peak festival times.	4.7	90	5	\N
41	Yadagirigutta Temple	religious	A major pilgrimage site dedicated to Lord Narasimha, set on a hill with stunning architecture.	Yadagirigutta	17.5841	78.9438	0.00	4 AM - 10 PM	Watch for slippery steps during monsoon season.	4.6	85	5	\N
42	Thousand Pillar Temple	historical	A 12th-century Kakatiya temple in Hanamkonda, famous for its intricate carvings and pillars.	Hanamkonda	18.0057	79.5741	0.00	6 AM - 8 PM	Hire a guide to learn about the temple’s historical details.	4.8	70	5	\N
43	Bhongir Fort	historical	A unique egg-shaped hill fort from the 10th century, offering panoramic views and adventure.	Bhongir	17.5108	78.8889	10.00	10 AM - 5 PM	Wear comfortable shoes for the steep climb.	4.4	60	5	\N
44	Kuntala Waterfall	natural	Telangana’s highest waterfall, surrounded by dense forests, ideal for nature lovers and picnics.	Adilabad	19.3833	78.4667	20.00	8 AM - 5 PM	Avoid swimming in deep areas due to strong currents.	4.5	65	5	\N
45	Pakhal Lake	natural	A serene man-made lake amidst forests, perfect for boating and peaceful retreats.	Warangal	17.9486	79.8425	30.00	9 AM - 6 PM	Use authorized boats for safe boating experiences.	4.3	55	5	\N
47	Kala Ashram	cultural	A cultural center in Adilabad promoting traditional arts, crafts, and tribal performances.	Adilabad	19.676	78.529	50.00	10 AM - 6 PM	Respect ongoing workshops and seek permission for photography.	4.2	50	5	\N
48	Kawal Wildlife Sanctuary	Wildlife	A tiger reserve with rich biodiversity, home to tigers, leopards, and diverse bird species.	Adilabad	19.1667	78.6667	50.00	6 AM - 6 PM	Follow safari guidelines and avoid disturbing wildlife.	4.4	60	5	\N
49	Pocharam Wildlife Sanctuary	Wildlife	A scenic sanctuary near Medak with deer, birds, and a tranquil lake, ideal for nature walks.	Medak	18.135	78.355	30.00	8 AM - 5 PM	Carry binoculars for birdwatching and stay on designated paths.	4.3	55	5	\N
50	Medak Cathedral	historical	A grand Gothic-style church, one of the largest in Asia, known for its stained glass windows.	Medak	18.0459	78.2639	0.00	9 AM - 5 PM	Maintain silence and respect religious services.	4.5	70	5	\N
51	Ananthagiri Hills	natural	A scenic hill station near Hyderabad, known for trekking, coffee plantations, and lush greenery.	Vikarabad	17.2833	77.8167	0.00	Open 24 hours	Hire a local guide for safe trekking routes.	4.4	60	5	\N
52	Sammakka Saralamma Jatara	cultural	A major tribal festival in Medaram, one of the largest in India, celebrating tribal deities.	Medaram	18.3833	80.0167	0.00	Festival-specific, check schedule	Plan for large crowds during the biennial festival.	4.6	80	5	\N
53	Ramappa Temple	historical	A UNESCO World Heritage Kakatiya temple known for its floating bricks and intricate sculptures.	Mulugu	18.2593	79.9402	25.00	6 AM - 6 PM	Protect against sun exposure during daytime visits.	4.8	75	5	\N
54	Laknavaram Lake	natural	A picturesque lake with a suspension bridge and islands, ideal for boating and camping.	Mulugu	18.3167	80.1167	20.00	9 AM - 6 PM	Ensure life jackets are worn during boating.	4.5	65	5	\N
55	Badami Cave Temples	historical	A complex of rock-cut temples from the 6th century, showcasing Chalukya architecture.	Badami	15.9187	75.685	30.00	9 AM - 5:30 PM	Wear comfortable shoes for exploring the caves.	4.7	70	2	\N
56	Sringeri Sharada Peetham	religious	A historic Advaita Vedanta monastery founded by Adi Shankaracharya, set by the Tunga River.	Sringeri	13.4167	75.252	0.00	6 AM - 2 PM, 4 PM - 9 PM	Dress modestly and respect temple rituals.	4.8	85	2	\N
57	Jog Falls	natural	India’s second-highest waterfall, offering spectacular views amidst lush greenery.	Shimoga	14.2293	74.8124	20.00	7:30 AM - 6 PM	Avoid getting too close to the edge of viewpoints.	4.6	80	2	\N
58	Belur Halebidu Temples	historical	Hoysala-era temples known for their intricate stone carvings and architectural brilliance.	Hassan	13.1625	75.86	0.00	7 AM - 6 PM	Hire a guide to understand the detailed carvings.	4.8	75	2	\N
59	Chikmagalur	Hill Station	A serene hill station known for coffee plantations, trekking, and Mullayanagiri peak.	Chikmagalur	13.3167	75.7833	0.00	Open 24 hours	Carry warm clothing for early morning treks.	4.5	65	2	\N
60	Dandeli Wildlife Sanctuary	Wildlife	A biodiversity hotspot offering jungle safaris, river rafting, and sightings of hornbills and leopards.	Dandeli	15.2667	74.6167	50.00	6 AM - 6 PM	Follow guide instructions during safaris and rafting.	4.4	60	2	\N
61	Udupi Sri Krishna Temple	religious	A famous temple known for its unique idol of Lord Krishna and vibrant festivals.	Udupi	13.3388	74.7461	0.00	4 AM - 9 PM	Avoid peak hours for a peaceful visit.	4.7	90	2	\N
62	Gokarna Beach	natural	A pristine beach known for its serene vibe, pilgrimage sites, and water activities.	Gokarna	14.55	74.3167	0.00	Open 24 hours	Avoid swimming during high tides.	4.5	70	2	\N
63	Bannerghatta National Park	Wildlife	A popular park near Bangalore with a zoo, safari, and butterfly park.	Bangalore	12.8	77.5833	80.00	9:30 AM - 5 PM	Stay inside vehicles during the safari.	4.3	100	2	\N
64	Nandi Hills	natural	A popular hill fortress near Bangalore, famous for sunrise views and paragliding.	Chikkaballapur	13.37	77.6833	30.00	6 AM - 10 PM	Arrive early to avoid crowds at sunrise.	4.4	85	2	\N
65	Shravanabelagola	religious	A Jain pilgrimage site with the colossal Gommateshwara Bahubali statue atop a hill.	Hassan	12.854	76.4849	0.00	6:30 AM - 6 PM	Climb the 600+ steps carefully, preferably early morning.	4.7	80	2	\N
66	Vidhana Soudha	cultural	The majestic seat of Karnataka’s state legislature, known for its neo-Dravidian architecture.	Bangalore	12.9795	77.5916	0.00	9 AM - 5 PM (public access limited)	Carry ID for entry and avoid restricted areas.	4.5	90	2	\N
67	Murudeshwar Temple	religious	A coastal temple with a towering Shiva statue and a 20-story gopuram, offering sea views.	Murudeshwar	14.0943	74.4845	0.00	6 AM - 8 PM	Be cautious on the gopuram stairs during windy conditions.	4.6	75	2	\N
68	Aihole	historical	An ancient site with over 100 Chalukya temples, known as the cradle of Indian temple architecture.	Bagalkot	16.02	75.8833	25.00	6 AM - 6 PM	Carry water as the site is expansive and sunny.	4.6	60	2	\N
69	Kudremukh National Park	Wildlife	A UNESCO World Heritage biodiversity hotspot with trekking trails and scenic peaks.	Chikmagalur	13.2333	75.1667	200.00	7 AM - 5 PM	Obtain permits in advance for trekking.	4.5	55	2	\N
70	Pattadakal	historical	A UNESCO World Heritage site with 8th-century Chalukya temples, known for their architectural diversity.	Bagalkot	15.948	75.816	40.00	6 AM - 6 PM	Protect against sun exposure during daytime visits.	4.7	65	2	\N
71	Dharmasthala Manjunatha Temple	religious	A major pilgrimage site dedicated to Lord Shiva, known for its inclusive ethos and free meals.	Dharmasthala	12.8928	75.3789	0.00	6:30 AM - 8:30 PM	Follow queue systems during peak pilgrimage seasons.	4.8	95	2	\N
72	Agumbe Rainforest	natural	A biodiversity-rich rainforest, known as the ‘Cherrapunji of the South,’ ideal for trekking and sunset views.	Shimoga	13.5033	75.0917	0.00	Open 24 hours	Hire a local guide for safe trekking in the rainforest.	4.5	60	2	\N
73	Bijapur Gol Gumbaz	historical	A 17th-century mausoleum with one of the world’s largest domes and a whispering gallery.	Bijapur	16.8302	75.735	25.00	10 AM - 5 PM	Be cautious on the narrow stairs to the whispering gallery.	4.6	70	2	\N
74	Kabini Wildlife Sanctuary	Wildlife	A premier wildlife destination with elephant safaris, tiger sightings, and serene river views.	Nagarhole	11.9833	76.2833	300.00	6 AM - 6 PM	Book safaris in advance and follow guide instructions.	4.7	80	2	\N
75	Kollur Mookambika Temple	religious	A sacred temple in the Western Ghats dedicated to Goddess Mookambika, known for its spiritual ambiance.	Kollur	13.8633	74.8144	0.00	5 AM - 9 PM	Respect temple customs and avoid photography inside.	4.7	85	2	\N
76	Karwar Beach	natural	A tranquil beach along the Arabian Sea, known for water sports and scenic beauty.	Karwar	14.8183	74.1297	0.00	Open 24 hours	Check tide schedules before engaging in water activities.	4.4	65	2	\N
77	Lalbagh Botanical Garden	cultural	A historic garden in Bangalore with rare plants, a glasshouse, and vibrant flower shows.	Bangalore	12.9507	77.5848	20.00	6 AM - 7 PM	Avoid visiting during peak flower show crowds.	4.5	95	2	\N
78	Sakleshpur	Hill Station	A picturesque hill station with coffee estates, trekking trails, and historic Manjarabad Fort.	Hassan	12.9417	75.7833	0.00	Open 24 hours	Carry insect repellent for outdoor activities.	4.4	60	2	\N
79	Bandipur National Park	Wildlife	A renowned tiger reserve with rich biodiversity, offering safaris and scenic drives.	Chamarajanagar	11.667	76.633	250.00	6 AM - 6 PM	Stay inside vehicles and avoid loud noises during safaris.	4.6	75	2	\N
80	Srisailam Temple	religious	A sacred Jyotirlinga temple dedicated to Lord Shiva, nestled in the Nallamala Hills.	Srisailam	16.076	78.87	0.00	6 AM - 2 PM, 3 PM - 10 PM	Follow temple dress codes and avoid peak pilgrimage times.	4.7	85	4	\N
81	Visakhapatnam Beach	natural	A scenic coastline with popular beaches like RK Beach, ideal for strolls and water sports.	Visakhapatnam	17.6868	83.2185	0.00	Open 24 hours	Avoid swimming in deep waters due to strong currents.	4.5	90	4	\N
82	Amaravati Stupa	historical	An ancient Buddhist site with a massive stupa, reflecting the region’s rich Buddhist heritage.	Amaravati	16.575	80.355	10.00	8 AM - 6 PM	Wear sunscreen and hats during sunny hours.	4.6	70	4	\N
83	Lambasingi	Hill Station	Known as the "Kashmir of Andhra," this hill station offers cool weather and scenic views.	Visakhapatnam	18.169	82.656	0.00	Open 24 hours	Carry warm clothing for chilly evenings.	4.4	60	4	\N
84	Ahobilam Temple	religious	A group of nine temples dedicated to Lord Narasimha, located in the Nallamala Forest.	Ahobilam	15.125	78.7167	0.00	6 AM - 1 PM, 3 PM - 8 PM	Hire a local guide for safe trekking to the temples.	4.7	75	4	\N
85	Kailasagiri Hill	natural	A scenic hill park in Visakhapatnam with panoramic views, a toy train, and Shiva-Parvati statues.	Visakhapatnam	17.751	83.341	0.00	6 AM - 7:30 PM	Stay on designated paths to avoid steep drops.	4.5	85	4	\N
86	Guntur Fort	historical	A 19th-century fort with historical significance, offering insights into the region’s past.	Guntur	16.3067	80.4367	5.00	9 AM - 5 PM	Be cautious of uneven surfaces while exploring.	4.3	55	4	\N
87	Konaseema	natural	A picturesque delta region with lush greenery, rivers, and backwaters, often called the "God’s Own Creation."	East Godavari	16.7333	81.9167	0.00	Open 24 hours	Use authorized boat operators for safety.	4.6	70	4	\N
88	Simhachalam Temple	religious	A hilltop temple dedicated to Lord Varaha Narasimha, known for its ancient architecture.	Visakhapatnam	17.776	83.239	0.00	7 AM - 4 PM, 6 PM - 9 PM	Climb the steps cautiously, especially during rains.	4.7	80	4	\N
89	Kondapalli Fort	historical	A 14th-century fort known for its scenic location and historical importance.	Kondapalli	16.6167	80.5333	10.00	8 AM - 5 PM	Wear sturdy shoes for the uphill trek.	4.4	60	4	\N
90	Borra Caves	natural	Stunning limestone caves with stalactites and stalagmites, located in the Ananthagiri Hills.	Visakhapatnam	18.2667	82.9833	50.00	10 AM - 5 PM	Follow guide instructions inside the caves.	4.6	75	4	\N
91	Manginapudi Beach	natural	A serene black sand beach near Machilipatnam, perfect for a quiet getaway.	Machilipatnam	16.1667	81.1333	0.00	Open 24 hours	Avoid isolated areas after sunset.	4.3	55	4	\N
92	Kurnool Fort	historical	A historic fort with remnants of the Qutb Shahi and Vijayanagara periods.	Kurnool	15.8281	78.0353	5.00	9 AM - 5 PM	Watch for uneven terrain while exploring.	4.2	50	4	\N
93	Papikondalu	natural	A scenic range of hills along the Godavari River, ideal for boating and nature walks.	East Godavari	17.3167	81.75	0.00	6 AM - 6 PM	Wear life jackets during boat rides.	4.5	65	4	\N
94	Sri Venkateswara Wildlife Sanctuary	Wildlife	A biodiversity-rich sanctuary near Tirumala, home to tigers, leopards, and diverse flora.	Chittoor	13.6667	79.3333	100.00	6 AM - 6 PM	Follow safari guidelines and avoid feeding animals.	4.4	60	4	\N
95	Sabarimala Temple	religious	A major Hindu pilgrimage site dedicated to Lord Ayyappa, located in the Periyar Tiger Reserve.	Sabarimala	9.434	77.087	0.00	Pilgrimage season: November to mid-January, 4 AM - 1 PM, 3 PM - 11 PM	Follow strict dress codes (black/saffron) and obtain virtual queue tickets.	4.8	90	1	\N
96	Varkala Beach	natural	A unique cliff beach with mineral springs and a serene ambiance, ideal for relaxation.	Varkala	8.7333	76.7167	0.00	Open 24 hours	Avoid swimming in unpatrolled areas due to strong currents.	4.6	85	1	\N
97	Bekal Fort	historical	A 17th-century fort overlooking the Arabian Sea, known for its scenic beauty and architecture.	Bekal	12.3911	75.03	20.00	8 AM - 5:30 PM	Watch for slippery surfaces near the fort walls.	4.7	75	1	\N
98	Wayanad Wildlife Sanctuary	Wildlife	A biodiversity hotspot with elephants, tigers, and scenic trails in the Western Ghats.	Wayanad	11.65	76.0833	150.00	7 AM - 5 PM	Follow guide instructions during safaris and avoid stray paths.	4.5	70	1	\N
99	Padmanabhaswamy Temple	religious	A historic temple dedicated to Lord Vishnu, famous for its architectural grandeur and treasures.	Thiruvananthapuram	8.9496	76.5712	0.00	3:30 AM - 11 AM, 5 PM - 7:30 PM	Strict dress code (dhoti for men, saree for women) and no photography allowed.	4.8	95	1	\N
100	Athirappilly Falls	natural	A majestic waterfall in the Western Ghats, often called the "Niagara of India."	Thrissur	10.2876	76.5667	20.00	8 AM - 5 PM	Stay behind barriers to avoid slipping near the falls.	4.7	80	1	\N
101	Mattancherry Palace	historical	A 16th-century Portuguese palace with stunning murals, reflecting Kerala’s colonial history.	Kochi	9.962	76.261	5.00	9 AM - 5 PM	Remove shoes before entering the palace interiors.	4.6	70	1	\N
102	Periyar National Park	Wildlife	A tiger reserve with boat safaris on Periyar Lake, home to elephants and diverse wildlife.	Thekkady	9.5667	77.1833	200.00	6 AM - 6 PM	Wear neutral colors and avoid feeding animals during safaris.	4.6	75	1	\N
103	Thrissur Pooram	cultural	A grand annual temple festival with elephant processions, fireworks, and traditional music.	Thrissur	10.527	76.2144	0.00	Festival-specific, typically April/May	Maintain distance from elephants and avoid crowded areas.	4.7	85	1	\N
104	Kumarakom Bird Sanctuary	Wildlife	A haven for migratory birds along the Vembanad Lake, perfect for birdwatching.	Kumarakom	9.6167	76.4333	50.00	6:30 AM - 6 PM	Carry binoculars and avoid disturbing nesting birds.	4.5	65	1	\N
105	Cherai Beach	natural	A peaceful beach near Kochi with golden sands and shallow waters, ideal for families.	Kochi	10.172	76.185	0.00	Open 24 hours	Check tide schedules before swimming.	4.4	70	1	\N
106	Malampuzha Dam	natural	A scenic dam with gardens, a ropeway, and boating facilities in the Palakkad region.	Palakkad	10.85	76.6833	10.00	9 AM - 5 PM	Use life jackets during boating and avoid cliff edges.	4.5	60	1	\N
107	Parambikulam Wildlife Sanctuary	Wildlife	A tiger reserve with dense forests, teak plantations, and boat safaris on the Parambikulam Lake.	Palakkad	10.4	76.7833	150.00	7 AM - 6 PM	Book safaris in advance and follow park rules.	4.6	65	1	\N
108	Kovalam Beach	natural	A famous beach with crescent-shaped shores, lighthouse views, and Ayurvedic resorts.	Thiruvananthapuram	8.39	76.9783	0.00	Open 24 hours	Swim only in lifeguard-monitored areas.	4.6	80	1	\N
109	Hill Palace Museum	cultural	A former royal palace turned museum, showcasing Kerala’s royal heritage and artifacts.	Tripunithura	9.944	76.341	10.00	10 AM - 5:30 PM	No photography inside the museum; respect displayed items.	4.5	70	1	\N
110	Edava Beach,Varkala	recommended	Recommended place: Edava Beach,Varkala		8.7603027	76.687272	\N			0	0	1	\N
111	Pathiramanal Island	recommended	Recommended place: Pathiramanal Island		9.6186427	76.38470939999999	\N			0	0	1	\N
112	Baba Budan giri	recommended	Recommended place: Baba Budan giri		13.422865	75.77038759999999	\N			0	0	1	\N
113	Jog Falls	recommended	Recommended place: Jog Falls		14.2241595	74.8092566	\N			0	0	1	\N
114	Government Rose Garden	recommended	Recommended place: Government Rose Garden		11.4063171	76.70897939999999	\N			0	0	1	\N
115	Government Botanical Garden	recommended	Recommended place: Government Botanical Garden		11.4188751	76.7113878	\N			0	0	1	\N
46	Ramoji Film City	cultural	The world’s largest film studio, offering tours, live shows, and a glimpse into Indian cinema.	Hyderabad	17.2568	78.6814	1350.00	9 AM - 5:30 PM	Book tickets online to avoid long queues.	4.6	100	5	https://www.travelure.in/wp-content/uploads/2022/03/Ramoji-Film-City-40.jpg
116	The Tea Factory & The Tea Museum	recommended	Recommended place: The Tea Factory & The Tea Museum		11.4118724	76.7208363	\N			0	0	1	https://www.travelure.in/wp-content/uploads/2022/03/Ramoji-Film-City-40.jpg
117	Submarine Museum (INS Kurusura)	recommended	Recommended place: Submarine Museum (INS Kurusura)		\N	\N	\N			0	0	1	\N
118	VUDA Park	recommended	Recommended place: VUDA Park		\N	\N	\N			0	0	1	\N
119	Simhachalam Temple	recommended	Recommended place: Simhachalam Temple		17.776	83.239	\N			0	0	1	\N
120	Lawson's Bay Beach	recommended	Recommended place: Lawson's Bay Beach		\N	\N	\N			0	0	1	\N
121	Padmapuram Gardens	recommended	Recommended place: Padmapuram Gardens		\N	\N	\N			0	0	1	\N
122	Bhavani Island	recommended	Recommended place: Bhavani Island		\N	\N	\N			0	0	1	\N
123	Archaeological Museum Badami	recommended	Recommended place: Archaeological Museum Badami		15.9213604	75.6848958	\N			0	0	1	\N
124	Thousand Pillar Temple	recommended	Recommended place: Thousand Pillar Temple		18.0057	79.5741	\N			0	0	1	\N
125	Thousand Pillar Temple	recommended	Recommended place: Thousand Pillar Temple		18.0057	79.5741	\N			0	0	1	\N
126	Krishna's Butter Ball	recommended	Recommended place: Krishna's Butter Ball		12.6190805	80.1924551	\N			0	0	1	\N
127	Napier Museum	recommended	Recommended place: Napier Museum		8.5090146	76.9551247	\N			0	0	1	\N
128	Gandhi Park	recommended	Recommended place: Gandhi Park		8.4826885	76.9479222	\N			0	0	1	\N
129	Fort Kochi Beach	recommended	Recommended place: Fort Kochi Beach		9.9637158	76.23746109999999	\N			0	0	1	\N
130	Changampuzha Park	recommended	Recommended place: Changampuzha Park		10.0164125	76.30194209999999	\N			0	0	1	\N
131	Hill Palace Museum	recommended	Recommended place: Hill Palace Museum		9.9526027	76.3624724	\N			0	0	1	\N
132	Kerala Folklore Museum	recommended	Recommended place: Kerala Folklore Museum		9.932961599999999	76.2990524	\N			0	0	1	\N
133	Jew Town	recommended	Recommended place: Jew Town		9.9553412	76.2602222	\N			0	0	1	\N
134	Sri Bhadrakali Temple	recommended	Recommended place: Sri Bhadrakali Temple		17.9948596	79.5828476	\N			0	0	1	\N
\.


--
-- Data for Name: core_place_favorited_by; Type: TABLE DATA; Schema: public; Owner: southindiauser
--

COPY public.core_place_favorited_by (id, place_id, user_id) FROM stdin;
3	22	3
6	25	1
8	27	1
11	33	1
14	38	1
15	81	1
16	14	1
18	94	1
19	93	1
24	92	1
28	55	1
29	77	1
30	63	1
32	62	1
34	108	1
36	110	1
37	111	1
38	78	1
41	15	1
50	106	1
53	57	1
59	113	1
60	13	1
61	117	1
62	118	1
63	119	1
64	120	1
65	21	1
67	28	1
75	95	1
78	1	1
79	2	1
80	82	1
82	121	1
83	122	1
84	123	1
87	125	1
88	18	1
90	45	1
92	52	1
94	54	1
97	16	1
98	17	1
99	42	1
100	40	1
105	49	1
106	48	1
109	46	1
110	53	1
112	41	1
115	20	1
116	30	1
117	126	1
118	19	1
121	127	1
122	128	1
123	129	1
124	130	1
125	131	1
126	132	1
127	133	1
128	134	1
\.


--
-- Data for Name: core_post; Type: TABLE DATA; Schema: public; Owner: southindiauser
--

COPY public.core_post (id, title, content, created_at, updated_at, author_id, state_id) FROM stdin;
\.


--
-- Data for Name: core_post_favorites; Type: TABLE DATA; Schema: public; Owner: southindiauser
--

COPY public.core_post_favorites (id, post_id, user_id) FROM stdin;
\.


--
-- Data for Name: core_restaurant; Type: TABLE DATA; Schema: public; Owner: southindiauser
--

COPY public.core_restaurant (id, name, specialty, average_cost, state_id) FROM stdin;
4	Grand Hotel	Traditional Kerala Sadya	800.00	1
5	Paragon Restaurant	Malabar Biryani	600.00	1
6	Kashi Art Cafe	Fusion Kerala Cuisine	1200.00	1
7	Kayees Rahmathulla	Kerala Fish Curry	500.00	1
8	Ariya Nivaas	Appam and Stew	400.00	1
9	MTR (Mavalli Tiffin Room)	Traditional Karnataka Breakfast	300.00	2
10	Koshy's	Mangalorean Fish Curry	700.00	2
11	Vidyarthi Bhavan	Mysore Masala Dosa	150.00	2
12	Coorg Cuisine	Coorg Pandi Curry	800.00	2
13	The Only Place	Bisi Bele Bath	400.00	2
14	Rayalaseema Ruchulu	Andhra Chicken Curry	600.00	4
15	Spice Garden	Andhra Biryani	500.00	4
16	Gongura	Traditional Andhra Thali	400.00	4
17	Pesarattu House	Pesarattu and Upma	200.00	4
18	Andhra Spice	Gutti Vankaya	350.00	4
19	Paradise Biryani	Hyderabadi Biryani	400.00	5
20	Bawarchi	Traditional Hyderabadi Cuisine	600.00	5
21	Cafe Bahar	Mirchi ka Salan	500.00	5
22	Shadab	Bagara Baingan	450.00	5
23	Hotel Shadab	Double ka Meetha	200.00	5
24	Murugan Idli Shop	Idli Sambar	100.00	6
25	Annalakshmi	Traditional Tamil Thali	500.00	6
26	Karaikudi	Chettinad Chicken	700.00	6
27	Adyar Ananda Bhavan	Traditional Sweets	300.00	6
28	Ratna Cafe	Filter Coffee	50.00	6
\.


--
-- Data for Name: core_review; Type: TABLE DATA; Schema: public; Owner: southindiauser
--

COPY public.core_review (id, rating, comment, created_at, place_id, user_id, state_id) FROM stdin;
3	5	good place	2025-06-05 11:46:57.529613+05:30	22	1	6
4	5	beautiful place	2025-06-05 11:47:14.338519+05:30	20	1	6
5	5	good one,feels good	2025-06-19 14:18:50.746384+05:30	20	1	6
6	5	good one,feels good	2025-06-19 14:18:56.830801+05:30	20	1	6
7	2	not that good	2025-06-19 14:23:51.618756+05:30	33	1	6
8	2	not that good	2025-06-19 14:24:43.239875+05:30	34	1	6
9	2	not that good	2025-06-19 14:25:22.616313+05:30	20	1	6
10	5	good one with friends	2025-06-19 14:27:28.880578+05:30	34	1	6
11	1	badd	2025-06-19 14:32:59.128947+05:30	33	1	6
12	1	badd	2025-06-19 14:33:30.100402+05:30	33	1	6
13	1	badd	2025-06-19 14:33:30.682132+05:30	33	1	6
14	1	badd	2025-06-19 14:33:50.336106+05:30	33	1	6
15	1	badd	2025-06-19 14:33:50.487432+05:30	33	1	6
16	2	okok	2025-06-19 14:38:48.732413+05:30	36	1	6
17	2	okok	2025-06-19 14:39:14.550263+05:30	36	1	6
18	3	not bad	2025-06-19 14:41:46.570114+05:30	38	1	6
19	3	not bad	2025-06-19 14:42:08.230644+05:30	38	1	6
20	3	not bad	2025-06-19 14:43:52.473791+05:30	38	1	6
21	5	good	2025-06-19 14:44:33.228801+05:30	38	1	6
22	5	very good	2025-06-19 14:47:06.832386+05:30	21	1	6
23	4	good experience	2025-06-19 14:51:39.831816+05:30	29	1	6
24	1	Bad	2025-06-19 14:56:23.38511+05:30	34	1	6
25	1	badd	2025-06-19 15:02:04.161626+05:30	22	1	6
26	5	good goddd	2025-06-19 15:04:54.725119+05:30	20	1	6
27	5	veru beautiful	2025-06-19 15:09:00.58461+05:30	30	1	6
28	5	good one	2025-06-19 15:11:14.470728+05:30	35	1	6
29	4	okok	2025-06-19 16:22:08.452055+05:30	35	1	6
30	3	okkok	2025-06-19 16:23:33.315465+05:30	34	1	6
32	5	hiii	2025-06-20 14:29:58.239582+05:30	18	1	5
31	5	hiii	2025-06-20 14:29:58.238683+05:30	18	1	5
33	4	good	2025-06-20 14:30:17.82509+05:30	18	1	5
34	4	good	2025-06-20 14:30:17.82563+05:30	18	1	5
35	5	very good	2025-06-20 14:35:43.609184+05:30	46	1	5
36	5	very good	2025-06-20 14:35:43.608596+05:30	46	1	5
37	5	nicee	2025-06-20 14:45:05.285951+05:30	41	1	5
38	5	hgihb	2025-06-21 01:47:31.130208+05:30	2	1	1
39	5	hgihb	2025-06-21 01:47:58.852614+05:30	2	1	1
40	5	oijojoijin	2025-06-21 01:54:04.876053+05:30	6	1	2
41	5	superrr	2025-06-21 03:42:36.832478+05:30	41	1	5
42	5	jjjj	2025-06-21 15:42:39.945756+05:30	24	1	1
44	5	jjjj	2025-06-21 15:42:39.946021+05:30	24	1	1
43	5	jjjj	2025-06-21 15:42:39.946288+05:30	24	1	1
45	4	good	2025-06-26 17:46:17.467678+05:30	6	1	2
47	4	hii	2025-06-26 18:47:50.113986+05:30	25	1	1
46	4	hii	2025-06-26 18:47:50.114862+05:30	25	1	1
\.


--
-- Data for Name: core_state; Type: TABLE DATA; Schema: public; Owner: southindiauser
--

COPY public.core_state (id, name, slug, description, history, culture, climate, best_time_to_visit, cultural_safety_tips) FROM stdin;
1	Kerala	kerala	Known for its backwaters, beaches, and lush green hills.	Kerala has a rich history dating back to the Sangam Age, with influences from trade with Arabs, Chinese, and Europeans.	Famous for Kathakali dance, Ayurvedic traditions, and Onam festival.	Tropical with monsoon seasons; hot and humid summers, mild winters.	September to March	["Respect local customs during temple visits.", "Avoid public displays of affection in rural areas.", "Use authorized boat services for backwater tours."]
2	Karnataka	karnataka	Famous for historical sites, tech hubs, and scenic landscapes.	Karnataka was ruled by dynasties like the Chalukyas, Hoysalas, and Vijayanagara Empire, shaping its rich heritage.	Known for Carnatic music, Udupi cuisine, and Mysore Dasara festival.	Tropical with varied climates; cooler in hills, hot in plains.	October to March	["Dress modestly at religious sites.", "Respect local wildlife during park visits.", "Avoid photography in restricted temple areas."]
4	Andhra Pradesh	andhra-pradesh	Known for its rich history, temples, and cuisine.	Influenced by the Satavahanas, Vijayanagara, and British rule, with a legacy of ancient trade.	Famous for Kuchipudi dance, Telugu literature, and Ugadi festival.	Tropical with hot summers and monsoon rains.	October to February	["Follow temple dress codes and remove footwear.", "Avoid crowded areas during festivals.", "Use licensed guides for historical sites."]
5	Telangana	telangana	Famous for its heritage sites, IT hubs, and unique culture.	Part of the Hyderabad State under the Nizams, with a legacy of Qutb Shahi and Asaf Jahi dynasties.	Known for Bonalu festival, Hyderabadi biryani, and traditional crafts.	Tropical with hot summers and moderate monsoons.	October to March	["Respect temple and festival customs.", "Avoid swimming in unknown water bodies near waterfalls.", "Seek permission for photography at cultural sites."]
6	Tamil Nadu	tamil-nadu	Tamil Nadu, a South Indian state, is famed for its Dravidian-style Hindu temples, rich cultural heritage, and vibrant festivals.	Tamil Nadu has a history dating back to the Sangam period (300 BCE - 300 CE), with a legacy of Chola, Chera, and Pandya dynasties.	Known for classical Tamil literature, Carnatic music, Bharatanatyam dance, and traditional silk sarees.	Tropical climate with monsoon seasons; summers are hot, winters are mild.	October to March is the best time to visit Tamil Nadu.	["Respect temple dress codes by wearing modest clothing.", "Remove shoes before entering religious sites.", "Avoid public displays of affection in conservative areas."]
\.


--
-- Data for Name: core_state_favorites; Type: TABLE DATA; Schema: public; Owner: southindiauser
--

COPY public.core_state_favorites (id, state_id, user_id) FROM stdin;
32	5	1
61	6	1
64	4	1
71	1	1
\.


--
-- Data for Name: core_telegramuser; Type: TABLE DATA; Schema: public; Owner: southindiauser
--

COPY public.core_telegramuser (id, telegram_username, chat_id, user_id) FROM stdin;
\.


--
-- Data for Name: core_transportationoption; Type: TABLE DATA; Schema: public; Owner: southindiauser
--

COPY public.core_transportationoption (id, transport_type, name, description, cost, duration, state_id) FROM stdin;
\.


--
-- Data for Name: core_userprofile; Type: TABLE DATA; Schema: public; Owner: southindiauser
--

COPY public.core_userprofile (id, travel_style, user_id, achievements, ai_personality_analysis, bio, favorite_state_id, location, phone_number, profile_picture, total_favorites, total_places_visited, total_reviews, travel_bucket_list) FROM stdin;
2		2	[]	{}		\N			\N	0	0	0	[]
1	cultural	1	[]	{"growth_areas": ["Try new cuisines", "Explore offbeat destinations"], "travel_insights": "AI analysis completed successfully", "personality_type": "Cultural Explorer", "travel_strengths": ["Curiosity", "Adaptability", "Open-mindedness"], "travel_motivation": "Exploration and discovery", "personalized_message": "```json\\n{\\n  \\"personality_type\\": \\"Cultural Explorer\\",\\n  \\"travel_motivation\\": \\"Discovering the rich history, architecture, and traditions of South India.  Rahuln is driven by a desire to explore ancient temples, historical forts, and unique cultural sites.\\",\\n  \\"preferred_experiences\\": [\\"Visiting histo...", "preferred_experiences": ["Cultural exploration", "Local experiences", "Historical sites"], "recommended_next_destinations": ["Mysore Palace", "Hampi Ruins", "Kerala Backwaters"]}		1			https://encrypted-tbn3.gstatic.com/images?q=tbn:ANd9GcTXapRdmpufwS4atWo90DPWPxxKnuPadUVFvP7Uegv8R9Dz4R_8ahloEqtVER4JypRckeDcSrhKJFBK4IMvtXHHDEvTyaGrBRWxbR-W0g	50	46	45	["hii"]
3	relaxation	3	[]	{}		\N			\N	0	0	0	[]
\.


--
-- Data for Name: django_admin_log; Type: TABLE DATA; Schema: public; Owner: southindiauser
--

COPY public.django_admin_log (id, action_time, object_id, object_repr, action_flag, change_message, content_type_id, user_id) FROM stdin;
1	2025-06-08 15:42:11.168471+05:30	11	Hotel Shiv Shanthi Inn near Ooty Hill Station	1	[{"added": {}}]	4	1
2	2025-06-26 14:39:50.689811+05:30	46	Ramoji Film City	2	[{"changed": {"fields": ["Image url"]}}]	3	1
3	2025-06-26 14:42:27.759234+05:30	46	Ramoji Film City	2	[]	3	1
4	2025-06-26 14:57:18.335527+05:30	116	The Tea Factory & The Tea Museum	2	[{"changed": {"fields": ["Image url"]}}]	3	1
5	2025-06-26 15:00:46.081044+05:30	6	Tamil Nadu	2	[{"changed": {"fields": ["Favorites"]}}]	5	1
6	2025-06-26 17:00:00.715275+05:30	38	rahuln's favorite: Hyderabad	3		15	1
7	2025-06-26 17:08:26.591196+05:30	43	rahuln's favorite: Ramoji Film City	3		15	1
\.


--
-- Data for Name: django_content_type; Type: TABLE DATA; Schema: public; Owner: southindiauser
--

COPY public.django_content_type (id, app_label, model) FROM stdin;
1	core	contact
2	core	inquiry
3	core	place
4	core	hotel
5	core	state
6	core	review
7	core	restaurant
8	core	post
9	core	itinerary
10	core	event
11	core	cuisine
12	core	telegramuser
13	core	transportationoption
14	core	userprofile
15	core	favorite
16	admin	logentry
17	auth	permission
18	auth	group
19	auth	user
20	contenttypes	contenttype
21	sessions	session
22	core	activity
23	core	userpreference
24	core	visit
\.


--
-- Data for Name: django_migrations; Type: TABLE DATA; Schema: public; Owner: southindiauser
--

COPY public.django_migrations (id, app, name, applied) FROM stdin;
1	contenttypes	0001_initial	2025-05-30 15:12:27.460493+05:30
2	auth	0001_initial	2025-05-30 15:12:27.520511+05:30
3	admin	0001_initial	2025-05-30 15:12:27.536562+05:30
4	admin	0002_logentry_remove_auto_add	2025-05-30 15:12:27.54216+05:30
5	admin	0003_logentry_add_action_flag_choices	2025-05-30 15:12:27.547217+05:30
6	contenttypes	0002_remove_content_type_name	2025-05-30 15:12:27.558376+05:30
7	auth	0002_alter_permission_name_max_length	2025-05-30 15:12:27.59364+05:30
8	auth	0003_alter_user_email_max_length	2025-05-30 15:12:27.604632+05:30
9	auth	0004_alter_user_username_opts	2025-05-30 15:12:27.616497+05:30
10	auth	0005_alter_user_last_login_null	2025-05-30 15:12:27.624594+05:30
11	auth	0006_require_contenttypes_0002	2025-05-30 15:12:27.625277+05:30
12	auth	0007_alter_validators_add_error_messages	2025-05-30 15:12:27.629948+05:30
13	auth	0008_alter_user_username_max_length	2025-05-30 15:12:27.638841+05:30
14	auth	0009_alter_user_last_name_max_length	2025-05-30 15:12:27.644228+05:30
15	auth	0010_alter_group_name_max_length	2025-05-30 15:12:27.650706+05:30
16	auth	0011_update_proxy_permissions	2025-05-30 15:12:27.654963+05:30
17	auth	0012_alter_user_first_name_max_length	2025-05-30 15:12:27.661276+05:30
18	core	0001_initial	2025-05-30 15:12:27.909643+05:30
19	sessions	0001_initial	2025-05-30 15:12:27.913532+05:30
20	core	0002_review_upvotes	2025-06-07 23:52:32.556267+05:30
21	core	0003_activity_remove_review_upvotes_userpreference_visit	2025-06-09 23:58:13.601989+05:30
22	core	0004_remove_userpreference_activities_and_more	2025-06-18 15:23:07.224895+05:30
23	core	0005_place_image_url	2025-06-26 14:31:13.576533+05:30
24	core	0006_remove_userprofile_budget_preference_and_more	2025-06-27 01:58:11.7648+05:30
25	core	0007_alter_contact_phone	2025-06-28 00:02:18.636582+05:30
\.


--
-- Data for Name: django_session; Type: TABLE DATA; Schema: public; Owner: southindiauser
--

COPY public.django_session (session_key, session_data, expire_date) FROM stdin;
8hi213liqiwoxhlmn47gslei7h7aj7r4	.eJxVjEEOwiAQRe_C2hCgLRSX7nsGMgwzUjWQlHZlvLtt0oVu33v_v0WAbc1ha7SEOYmr0OLyyyLgk8oh0gPKvUqsZV3mKI9EnrbJqSZ63c727yBDy_saR6t075Cd6xyBYqIEqCxyR94OnY7G4shGG0M74B7YeNQq0kCoPYjPF_WCOJI:1uVFp1:DkzdySC7Y7pdwCdO2_SG0qo_nXnrC5qC6u60AOzBJ_k	2025-06-28 03:07:19.736339+05:30
\.


--
-- Name: auth_group_id_seq; Type: SEQUENCE SET; Schema: public; Owner: southindiauser
--

SELECT pg_catalog.setval('public.auth_group_id_seq', 1, false);


--
-- Name: auth_group_permissions_id_seq; Type: SEQUENCE SET; Schema: public; Owner: southindiauser
--

SELECT pg_catalog.setval('public.auth_group_permissions_id_seq', 1, false);


--
-- Name: auth_permission_id_seq; Type: SEQUENCE SET; Schema: public; Owner: southindiauser
--

SELECT pg_catalog.setval('public.auth_permission_id_seq', 96, true);


--
-- Name: auth_user_groups_id_seq; Type: SEQUENCE SET; Schema: public; Owner: southindiauser
--

SELECT pg_catalog.setval('public.auth_user_groups_id_seq', 1, false);


--
-- Name: auth_user_id_seq; Type: SEQUENCE SET; Schema: public; Owner: southindiauser
--

SELECT pg_catalog.setval('public.auth_user_id_seq', 3, true);


--
-- Name: auth_user_user_permissions_id_seq; Type: SEQUENCE SET; Schema: public; Owner: southindiauser
--

SELECT pg_catalog.setval('public.auth_user_user_permissions_id_seq', 1, false);


--
-- Name: core_contact_id_seq; Type: SEQUENCE SET; Schema: public; Owner: southindiauser
--

SELECT pg_catalog.setval('public.core_contact_id_seq', 5, true);


--
-- Name: core_cuisine_id_seq; Type: SEQUENCE SET; Schema: public; Owner: southindiauser
--

SELECT pg_catalog.setval('public.core_cuisine_id_seq', 28, true);


--
-- Name: core_event_id_seq; Type: SEQUENCE SET; Schema: public; Owner: southindiauser
--

SELECT pg_catalog.setval('public.core_event_id_seq', 2, true);


--
-- Name: core_favorite_id_seq; Type: SEQUENCE SET; Schema: public; Owner: southindiauser
--

SELECT pg_catalog.setval('public.core_favorite_id_seq', 55, true);


--
-- Name: core_hotel_id_seq; Type: SEQUENCE SET; Schema: public; Owner: southindiauser
--

SELECT pg_catalog.setval('public.core_hotel_id_seq', 11, true);


--
-- Name: core_inquiry_id_seq; Type: SEQUENCE SET; Schema: public; Owner: southindiauser
--

SELECT pg_catalog.setval('public.core_inquiry_id_seq', 6, true);


--
-- Name: core_itinerary_id_seq; Type: SEQUENCE SET; Schema: public; Owner: southindiauser
--

SELECT pg_catalog.setval('public.core_itinerary_id_seq', 3, true);


--
-- Name: core_place_favorited_by_id_seq; Type: SEQUENCE SET; Schema: public; Owner: southindiauser
--

SELECT pg_catalog.setval('public.core_place_favorited_by_id_seq', 128, true);


--
-- Name: core_place_id_seq; Type: SEQUENCE SET; Schema: public; Owner: southindiauser
--

SELECT pg_catalog.setval('public.core_place_id_seq', 134, true);


--
-- Name: core_post_favorites_id_seq; Type: SEQUENCE SET; Schema: public; Owner: southindiauser
--

SELECT pg_catalog.setval('public.core_post_favorites_id_seq', 1, false);


--
-- Name: core_post_id_seq; Type: SEQUENCE SET; Schema: public; Owner: southindiauser
--

SELECT pg_catalog.setval('public.core_post_id_seq', 1, false);


--
-- Name: core_restaurant_id_seq; Type: SEQUENCE SET; Schema: public; Owner: southindiauser
--

SELECT pg_catalog.setval('public.core_restaurant_id_seq', 28, true);


--
-- Name: core_review_id_seq; Type: SEQUENCE SET; Schema: public; Owner: southindiauser
--

SELECT pg_catalog.setval('public.core_review_id_seq', 47, true);


--
-- Name: core_state_favorites_id_seq; Type: SEQUENCE SET; Schema: public; Owner: southindiauser
--

SELECT pg_catalog.setval('public.core_state_favorites_id_seq', 71, true);


--
-- Name: core_state_id_seq; Type: SEQUENCE SET; Schema: public; Owner: southindiauser
--

SELECT pg_catalog.setval('public.core_state_id_seq', 6, true);


--
-- Name: core_telegramuser_id_seq; Type: SEQUENCE SET; Schema: public; Owner: southindiauser
--

SELECT pg_catalog.setval('public.core_telegramuser_id_seq', 1, false);


--
-- Name: core_transportationoption_id_seq; Type: SEQUENCE SET; Schema: public; Owner: southindiauser
--

SELECT pg_catalog.setval('public.core_transportationoption_id_seq', 1, false);


--
-- Name: core_userprofile_id_seq; Type: SEQUENCE SET; Schema: public; Owner: southindiauser
--

SELECT pg_catalog.setval('public.core_userprofile_id_seq', 3, true);


--
-- Name: django_admin_log_id_seq; Type: SEQUENCE SET; Schema: public; Owner: southindiauser
--

SELECT pg_catalog.setval('public.django_admin_log_id_seq', 7, true);


--
-- Name: django_content_type_id_seq; Type: SEQUENCE SET; Schema: public; Owner: southindiauser
--

SELECT pg_catalog.setval('public.django_content_type_id_seq', 24, true);


--
-- Name: django_migrations_id_seq; Type: SEQUENCE SET; Schema: public; Owner: southindiauser
--

SELECT pg_catalog.setval('public.django_migrations_id_seq', 25, true);


--
-- Name: auth_group auth_group_name_key; Type: CONSTRAINT; Schema: public; Owner: southindiauser
--

ALTER TABLE ONLY public.auth_group
    ADD CONSTRAINT auth_group_name_key UNIQUE (name);


--
-- Name: auth_group_permissions auth_group_permissions_group_id_permission_id_0cd325b0_uniq; Type: CONSTRAINT; Schema: public; Owner: southindiauser
--

ALTER TABLE ONLY public.auth_group_permissions
    ADD CONSTRAINT auth_group_permissions_group_id_permission_id_0cd325b0_uniq UNIQUE (group_id, permission_id);


--
-- Name: auth_group_permissions auth_group_permissions_pkey; Type: CONSTRAINT; Schema: public; Owner: southindiauser
--

ALTER TABLE ONLY public.auth_group_permissions
    ADD CONSTRAINT auth_group_permissions_pkey PRIMARY KEY (id);


--
-- Name: auth_group auth_group_pkey; Type: CONSTRAINT; Schema: public; Owner: southindiauser
--

ALTER TABLE ONLY public.auth_group
    ADD CONSTRAINT auth_group_pkey PRIMARY KEY (id);


--
-- Name: auth_permission auth_permission_content_type_id_codename_01ab375a_uniq; Type: CONSTRAINT; Schema: public; Owner: southindiauser
--

ALTER TABLE ONLY public.auth_permission
    ADD CONSTRAINT auth_permission_content_type_id_codename_01ab375a_uniq UNIQUE (content_type_id, codename);


--
-- Name: auth_permission auth_permission_pkey; Type: CONSTRAINT; Schema: public; Owner: southindiauser
--

ALTER TABLE ONLY public.auth_permission
    ADD CONSTRAINT auth_permission_pkey PRIMARY KEY (id);


--
-- Name: auth_user_groups auth_user_groups_pkey; Type: CONSTRAINT; Schema: public; Owner: southindiauser
--

ALTER TABLE ONLY public.auth_user_groups
    ADD CONSTRAINT auth_user_groups_pkey PRIMARY KEY (id);


--
-- Name: auth_user_groups auth_user_groups_user_id_group_id_94350c0c_uniq; Type: CONSTRAINT; Schema: public; Owner: southindiauser
--

ALTER TABLE ONLY public.auth_user_groups
    ADD CONSTRAINT auth_user_groups_user_id_group_id_94350c0c_uniq UNIQUE (user_id, group_id);


--
-- Name: auth_user auth_user_pkey; Type: CONSTRAINT; Schema: public; Owner: southindiauser
--

ALTER TABLE ONLY public.auth_user
    ADD CONSTRAINT auth_user_pkey PRIMARY KEY (id);


--
-- Name: auth_user_user_permissions auth_user_user_permissions_pkey; Type: CONSTRAINT; Schema: public; Owner: southindiauser
--

ALTER TABLE ONLY public.auth_user_user_permissions
    ADD CONSTRAINT auth_user_user_permissions_pkey PRIMARY KEY (id);


--
-- Name: auth_user_user_permissions auth_user_user_permissions_user_id_permission_id_14a6b632_uniq; Type: CONSTRAINT; Schema: public; Owner: southindiauser
--

ALTER TABLE ONLY public.auth_user_user_permissions
    ADD CONSTRAINT auth_user_user_permissions_user_id_permission_id_14a6b632_uniq UNIQUE (user_id, permission_id);


--
-- Name: auth_user auth_user_username_key; Type: CONSTRAINT; Schema: public; Owner: southindiauser
--

ALTER TABLE ONLY public.auth_user
    ADD CONSTRAINT auth_user_username_key UNIQUE (username);


--
-- Name: core_contact core_contact_pkey; Type: CONSTRAINT; Schema: public; Owner: southindiauser
--

ALTER TABLE ONLY public.core_contact
    ADD CONSTRAINT core_contact_pkey PRIMARY KEY (id);


--
-- Name: core_cuisine core_cuisine_pkey; Type: CONSTRAINT; Schema: public; Owner: southindiauser
--

ALTER TABLE ONLY public.core_cuisine
    ADD CONSTRAINT core_cuisine_pkey PRIMARY KEY (id);


--
-- Name: core_event core_event_pkey; Type: CONSTRAINT; Schema: public; Owner: southindiauser
--

ALTER TABLE ONLY public.core_event
    ADD CONSTRAINT core_event_pkey PRIMARY KEY (id);


--
-- Name: core_favorite core_favorite_pkey; Type: CONSTRAINT; Schema: public; Owner: southindiauser
--

ALTER TABLE ONLY public.core_favorite
    ADD CONSTRAINT core_favorite_pkey PRIMARY KEY (id);


--
-- Name: core_favorite core_favorite_user_id_place_id_9815af88_uniq; Type: CONSTRAINT; Schema: public; Owner: southindiauser
--

ALTER TABLE ONLY public.core_favorite
    ADD CONSTRAINT core_favorite_user_id_place_id_9815af88_uniq UNIQUE (user_id, place_id);


--
-- Name: core_hotel core_hotel_pkey; Type: CONSTRAINT; Schema: public; Owner: southindiauser
--

ALTER TABLE ONLY public.core_hotel
    ADD CONSTRAINT core_hotel_pkey PRIMARY KEY (id);


--
-- Name: core_inquiry core_inquiry_pkey; Type: CONSTRAINT; Schema: public; Owner: southindiauser
--

ALTER TABLE ONLY public.core_inquiry
    ADD CONSTRAINT core_inquiry_pkey PRIMARY KEY (id);


--
-- Name: core_itinerary core_itinerary_pkey; Type: CONSTRAINT; Schema: public; Owner: southindiauser
--

ALTER TABLE ONLY public.core_itinerary
    ADD CONSTRAINT core_itinerary_pkey PRIMARY KEY (id);


--
-- Name: core_place_favorited_by core_place_favorited_by_pkey; Type: CONSTRAINT; Schema: public; Owner: southindiauser
--

ALTER TABLE ONLY public.core_place_favorited_by
    ADD CONSTRAINT core_place_favorited_by_pkey PRIMARY KEY (id);


--
-- Name: core_place_favorited_by core_place_favorited_by_place_id_user_id_9321abe0_uniq; Type: CONSTRAINT; Schema: public; Owner: southindiauser
--

ALTER TABLE ONLY public.core_place_favorited_by
    ADD CONSTRAINT core_place_favorited_by_place_id_user_id_9321abe0_uniq UNIQUE (place_id, user_id);


--
-- Name: core_place core_place_pkey; Type: CONSTRAINT; Schema: public; Owner: southindiauser
--

ALTER TABLE ONLY public.core_place
    ADD CONSTRAINT core_place_pkey PRIMARY KEY (id);


--
-- Name: core_post_favorites core_post_favorites_pkey; Type: CONSTRAINT; Schema: public; Owner: southindiauser
--

ALTER TABLE ONLY public.core_post_favorites
    ADD CONSTRAINT core_post_favorites_pkey PRIMARY KEY (id);


--
-- Name: core_post_favorites core_post_favorites_post_id_user_id_da95b67e_uniq; Type: CONSTRAINT; Schema: public; Owner: southindiauser
--

ALTER TABLE ONLY public.core_post_favorites
    ADD CONSTRAINT core_post_favorites_post_id_user_id_da95b67e_uniq UNIQUE (post_id, user_id);


--
-- Name: core_post core_post_pkey; Type: CONSTRAINT; Schema: public; Owner: southindiauser
--

ALTER TABLE ONLY public.core_post
    ADD CONSTRAINT core_post_pkey PRIMARY KEY (id);


--
-- Name: core_restaurant core_restaurant_pkey; Type: CONSTRAINT; Schema: public; Owner: southindiauser
--

ALTER TABLE ONLY public.core_restaurant
    ADD CONSTRAINT core_restaurant_pkey PRIMARY KEY (id);


--
-- Name: core_review core_review_pkey; Type: CONSTRAINT; Schema: public; Owner: southindiauser
--

ALTER TABLE ONLY public.core_review
    ADD CONSTRAINT core_review_pkey PRIMARY KEY (id);


--
-- Name: core_state_favorites core_state_favorites_pkey; Type: CONSTRAINT; Schema: public; Owner: southindiauser
--

ALTER TABLE ONLY public.core_state_favorites
    ADD CONSTRAINT core_state_favorites_pkey PRIMARY KEY (id);


--
-- Name: core_state_favorites core_state_favorites_state_id_user_id_1ef28110_uniq; Type: CONSTRAINT; Schema: public; Owner: southindiauser
--

ALTER TABLE ONLY public.core_state_favorites
    ADD CONSTRAINT core_state_favorites_state_id_user_id_1ef28110_uniq UNIQUE (state_id, user_id);


--
-- Name: core_state core_state_pkey; Type: CONSTRAINT; Schema: public; Owner: southindiauser
--

ALTER TABLE ONLY public.core_state
    ADD CONSTRAINT core_state_pkey PRIMARY KEY (id);


--
-- Name: core_state core_state_slug_key; Type: CONSTRAINT; Schema: public; Owner: southindiauser
--

ALTER TABLE ONLY public.core_state
    ADD CONSTRAINT core_state_slug_key UNIQUE (slug);


--
-- Name: core_telegramuser core_telegramuser_chat_id_key; Type: CONSTRAINT; Schema: public; Owner: southindiauser
--

ALTER TABLE ONLY public.core_telegramuser
    ADD CONSTRAINT core_telegramuser_chat_id_key UNIQUE (chat_id);


--
-- Name: core_telegramuser core_telegramuser_pkey; Type: CONSTRAINT; Schema: public; Owner: southindiauser
--

ALTER TABLE ONLY public.core_telegramuser
    ADD CONSTRAINT core_telegramuser_pkey PRIMARY KEY (id);


--
-- Name: core_telegramuser core_telegramuser_telegram_username_key; Type: CONSTRAINT; Schema: public; Owner: southindiauser
--

ALTER TABLE ONLY public.core_telegramuser
    ADD CONSTRAINT core_telegramuser_telegram_username_key UNIQUE (telegram_username);


--
-- Name: core_transportationoption core_transportationoption_pkey; Type: CONSTRAINT; Schema: public; Owner: southindiauser
--

ALTER TABLE ONLY public.core_transportationoption
    ADD CONSTRAINT core_transportationoption_pkey PRIMARY KEY (id);


--
-- Name: core_userprofile core_userprofile_pkey; Type: CONSTRAINT; Schema: public; Owner: southindiauser
--

ALTER TABLE ONLY public.core_userprofile
    ADD CONSTRAINT core_userprofile_pkey PRIMARY KEY (id);


--
-- Name: core_userprofile core_userprofile_user_id_key; Type: CONSTRAINT; Schema: public; Owner: southindiauser
--

ALTER TABLE ONLY public.core_userprofile
    ADD CONSTRAINT core_userprofile_user_id_key UNIQUE (user_id);


--
-- Name: django_admin_log django_admin_log_pkey; Type: CONSTRAINT; Schema: public; Owner: southindiauser
--

ALTER TABLE ONLY public.django_admin_log
    ADD CONSTRAINT django_admin_log_pkey PRIMARY KEY (id);


--
-- Name: django_content_type django_content_type_app_label_model_76bd3d3b_uniq; Type: CONSTRAINT; Schema: public; Owner: southindiauser
--

ALTER TABLE ONLY public.django_content_type
    ADD CONSTRAINT django_content_type_app_label_model_76bd3d3b_uniq UNIQUE (app_label, model);


--
-- Name: django_content_type django_content_type_pkey; Type: CONSTRAINT; Schema: public; Owner: southindiauser
--

ALTER TABLE ONLY public.django_content_type
    ADD CONSTRAINT django_content_type_pkey PRIMARY KEY (id);


--
-- Name: django_migrations django_migrations_pkey; Type: CONSTRAINT; Schema: public; Owner: southindiauser
--

ALTER TABLE ONLY public.django_migrations
    ADD CONSTRAINT django_migrations_pkey PRIMARY KEY (id);


--
-- Name: django_session django_session_pkey; Type: CONSTRAINT; Schema: public; Owner: southindiauser
--

ALTER TABLE ONLY public.django_session
    ADD CONSTRAINT django_session_pkey PRIMARY KEY (session_key);


--
-- Name: auth_group_name_a6ea08ec_like; Type: INDEX; Schema: public; Owner: southindiauser
--

CREATE INDEX auth_group_name_a6ea08ec_like ON public.auth_group USING btree (name varchar_pattern_ops);


--
-- Name: auth_group_permissions_group_id_b120cbf9; Type: INDEX; Schema: public; Owner: southindiauser
--

CREATE INDEX auth_group_permissions_group_id_b120cbf9 ON public.auth_group_permissions USING btree (group_id);


--
-- Name: auth_group_permissions_permission_id_84c5c92e; Type: INDEX; Schema: public; Owner: southindiauser
--

CREATE INDEX auth_group_permissions_permission_id_84c5c92e ON public.auth_group_permissions USING btree (permission_id);


--
-- Name: auth_permission_content_type_id_2f476e4b; Type: INDEX; Schema: public; Owner: southindiauser
--

CREATE INDEX auth_permission_content_type_id_2f476e4b ON public.auth_permission USING btree (content_type_id);


--
-- Name: auth_user_groups_group_id_97559544; Type: INDEX; Schema: public; Owner: southindiauser
--

CREATE INDEX auth_user_groups_group_id_97559544 ON public.auth_user_groups USING btree (group_id);


--
-- Name: auth_user_groups_user_id_6a12ed8b; Type: INDEX; Schema: public; Owner: southindiauser
--

CREATE INDEX auth_user_groups_user_id_6a12ed8b ON public.auth_user_groups USING btree (user_id);


--
-- Name: auth_user_user_permissions_permission_id_1fbb5f2c; Type: INDEX; Schema: public; Owner: southindiauser
--

CREATE INDEX auth_user_user_permissions_permission_id_1fbb5f2c ON public.auth_user_user_permissions USING btree (permission_id);


--
-- Name: auth_user_user_permissions_user_id_a95ead1b; Type: INDEX; Schema: public; Owner: southindiauser
--

CREATE INDEX auth_user_user_permissions_user_id_a95ead1b ON public.auth_user_user_permissions USING btree (user_id);


--
-- Name: auth_user_username_6821ab7c_like; Type: INDEX; Schema: public; Owner: southindiauser
--

CREATE INDEX auth_user_username_6821ab7c_like ON public.auth_user USING btree (username varchar_pattern_ops);


--
-- Name: core_cuisine_state_id_ca096fde; Type: INDEX; Schema: public; Owner: southindiauser
--

CREATE INDEX core_cuisine_state_id_ca096fde ON public.core_cuisine USING btree (state_id);


--
-- Name: core_event_state_id_c09bbfec; Type: INDEX; Schema: public; Owner: southindiauser
--

CREATE INDEX core_event_state_id_c09bbfec ON public.core_event USING btree (state_id);


--
-- Name: core_favorite_place_id_cd921faf; Type: INDEX; Schema: public; Owner: southindiauser
--

CREATE INDEX core_favorite_place_id_cd921faf ON public.core_favorite USING btree (place_id);


--
-- Name: core_favorite_user_id_6e3cf6dd; Type: INDEX; Schema: public; Owner: southindiauser
--

CREATE INDEX core_favorite_user_id_6e3cf6dd ON public.core_favorite USING btree (user_id);


--
-- Name: core_hotel_place_id_511381be; Type: INDEX; Schema: public; Owner: southindiauser
--

CREATE INDEX core_hotel_place_id_511381be ON public.core_hotel USING btree (place_id);


--
-- Name: core_inquiry_state_id_1053d8da; Type: INDEX; Schema: public; Owner: southindiauser
--

CREATE INDEX core_inquiry_state_id_1053d8da ON public.core_inquiry USING btree (state_id);


--
-- Name: core_inquiry_user_id_f39163f5; Type: INDEX; Schema: public; Owner: southindiauser
--

CREATE INDEX core_inquiry_user_id_f39163f5 ON public.core_inquiry USING btree (user_id);


--
-- Name: core_itinerary_state_id_87573d75; Type: INDEX; Schema: public; Owner: southindiauser
--

CREATE INDEX core_itinerary_state_id_87573d75 ON public.core_itinerary USING btree (state_id);


--
-- Name: core_place_favorited_by_place_id_64766db1; Type: INDEX; Schema: public; Owner: southindiauser
--

CREATE INDEX core_place_favorited_by_place_id_64766db1 ON public.core_place_favorited_by USING btree (place_id);


--
-- Name: core_place_favorited_by_user_id_a01fe5dd; Type: INDEX; Schema: public; Owner: southindiauser
--

CREATE INDEX core_place_favorited_by_user_id_a01fe5dd ON public.core_place_favorited_by USING btree (user_id);


--
-- Name: core_place_state_id_4d6753b7; Type: INDEX; Schema: public; Owner: southindiauser
--

CREATE INDEX core_place_state_id_4d6753b7 ON public.core_place USING btree (state_id);


--
-- Name: core_post_author_id_083b751e; Type: INDEX; Schema: public; Owner: southindiauser
--

CREATE INDEX core_post_author_id_083b751e ON public.core_post USING btree (author_id);


--
-- Name: core_post_favorites_post_id_c8bcbabe; Type: INDEX; Schema: public; Owner: southindiauser
--

CREATE INDEX core_post_favorites_post_id_c8bcbabe ON public.core_post_favorites USING btree (post_id);


--
-- Name: core_post_favorites_user_id_c2e8752e; Type: INDEX; Schema: public; Owner: southindiauser
--

CREATE INDEX core_post_favorites_user_id_c2e8752e ON public.core_post_favorites USING btree (user_id);


--
-- Name: core_post_state_id_7a717689; Type: INDEX; Schema: public; Owner: southindiauser
--

CREATE INDEX core_post_state_id_7a717689 ON public.core_post USING btree (state_id);


--
-- Name: core_restaurant_state_id_cfa2c7a3; Type: INDEX; Schema: public; Owner: southindiauser
--

CREATE INDEX core_restaurant_state_id_cfa2c7a3 ON public.core_restaurant USING btree (state_id);


--
-- Name: core_review_place_id_bb21b710; Type: INDEX; Schema: public; Owner: southindiauser
--

CREATE INDEX core_review_place_id_bb21b710 ON public.core_review USING btree (place_id);


--
-- Name: core_review_state_id_b2110ef9; Type: INDEX; Schema: public; Owner: southindiauser
--

CREATE INDEX core_review_state_id_b2110ef9 ON public.core_review USING btree (state_id);


--
-- Name: core_review_user_id_b6106194; Type: INDEX; Schema: public; Owner: southindiauser
--

CREATE INDEX core_review_user_id_b6106194 ON public.core_review USING btree (user_id);


--
-- Name: core_state_favorites_state_id_136edd74; Type: INDEX; Schema: public; Owner: southindiauser
--

CREATE INDEX core_state_favorites_state_id_136edd74 ON public.core_state_favorites USING btree (state_id);


--
-- Name: core_state_favorites_user_id_56b4823b; Type: INDEX; Schema: public; Owner: southindiauser
--

CREATE INDEX core_state_favorites_user_id_56b4823b ON public.core_state_favorites USING btree (user_id);


--
-- Name: core_state_slug_ec8576a5_like; Type: INDEX; Schema: public; Owner: southindiauser
--

CREATE INDEX core_state_slug_ec8576a5_like ON public.core_state USING btree (slug varchar_pattern_ops);


--
-- Name: core_telegramuser_chat_id_54992e6c_like; Type: INDEX; Schema: public; Owner: southindiauser
--

CREATE INDEX core_telegramuser_chat_id_54992e6c_like ON public.core_telegramuser USING btree (chat_id varchar_pattern_ops);


--
-- Name: core_telegramuser_telegram_username_0e14359d_like; Type: INDEX; Schema: public; Owner: southindiauser
--

CREATE INDEX core_telegramuser_telegram_username_0e14359d_like ON public.core_telegramuser USING btree (telegram_username varchar_pattern_ops);


--
-- Name: core_telegramuser_user_id_5410f139; Type: INDEX; Schema: public; Owner: southindiauser
--

CREATE INDEX core_telegramuser_user_id_5410f139 ON public.core_telegramuser USING btree (user_id);


--
-- Name: core_transportationoption_state_id_bf803a19; Type: INDEX; Schema: public; Owner: southindiauser
--

CREATE INDEX core_transportationoption_state_id_bf803a19 ON public.core_transportationoption USING btree (state_id);


--
-- Name: core_userprofile_favorite_state_id_c324e0f2; Type: INDEX; Schema: public; Owner: southindiauser
--

CREATE INDEX core_userprofile_favorite_state_id_c324e0f2 ON public.core_userprofile USING btree (favorite_state_id);


--
-- Name: django_admin_log_content_type_id_c4bce8eb; Type: INDEX; Schema: public; Owner: southindiauser
--

CREATE INDEX django_admin_log_content_type_id_c4bce8eb ON public.django_admin_log USING btree (content_type_id);


--
-- Name: django_admin_log_user_id_c564eba6; Type: INDEX; Schema: public; Owner: southindiauser
--

CREATE INDEX django_admin_log_user_id_c564eba6 ON public.django_admin_log USING btree (user_id);


--
-- Name: django_session_expire_date_a5c62663; Type: INDEX; Schema: public; Owner: southindiauser
--

CREATE INDEX django_session_expire_date_a5c62663 ON public.django_session USING btree (expire_date);


--
-- Name: django_session_session_key_c0390e0f_like; Type: INDEX; Schema: public; Owner: southindiauser
--

CREATE INDEX django_session_session_key_c0390e0f_like ON public.django_session USING btree (session_key varchar_pattern_ops);


--
-- Name: auth_group_permissions auth_group_permissio_permission_id_84c5c92e_fk_auth_perm; Type: FK CONSTRAINT; Schema: public; Owner: southindiauser
--

ALTER TABLE ONLY public.auth_group_permissions
    ADD CONSTRAINT auth_group_permissio_permission_id_84c5c92e_fk_auth_perm FOREIGN KEY (permission_id) REFERENCES public.auth_permission(id) DEFERRABLE INITIALLY DEFERRED;


--
-- Name: auth_group_permissions auth_group_permissions_group_id_b120cbf9_fk_auth_group_id; Type: FK CONSTRAINT; Schema: public; Owner: southindiauser
--

ALTER TABLE ONLY public.auth_group_permissions
    ADD CONSTRAINT auth_group_permissions_group_id_b120cbf9_fk_auth_group_id FOREIGN KEY (group_id) REFERENCES public.auth_group(id) DEFERRABLE INITIALLY DEFERRED;


--
-- Name: auth_permission auth_permission_content_type_id_2f476e4b_fk_django_co; Type: FK CONSTRAINT; Schema: public; Owner: southindiauser
--

ALTER TABLE ONLY public.auth_permission
    ADD CONSTRAINT auth_permission_content_type_id_2f476e4b_fk_django_co FOREIGN KEY (content_type_id) REFERENCES public.django_content_type(id) DEFERRABLE INITIALLY DEFERRED;


--
-- Name: auth_user_groups auth_user_groups_group_id_97559544_fk_auth_group_id; Type: FK CONSTRAINT; Schema: public; Owner: southindiauser
--

ALTER TABLE ONLY public.auth_user_groups
    ADD CONSTRAINT auth_user_groups_group_id_97559544_fk_auth_group_id FOREIGN KEY (group_id) REFERENCES public.auth_group(id) DEFERRABLE INITIALLY DEFERRED;


--
-- Name: auth_user_groups auth_user_groups_user_id_6a12ed8b_fk_auth_user_id; Type: FK CONSTRAINT; Schema: public; Owner: southindiauser
--

ALTER TABLE ONLY public.auth_user_groups
    ADD CONSTRAINT auth_user_groups_user_id_6a12ed8b_fk_auth_user_id FOREIGN KEY (user_id) REFERENCES public.auth_user(id) DEFERRABLE INITIALLY DEFERRED;


--
-- Name: auth_user_user_permissions auth_user_user_permi_permission_id_1fbb5f2c_fk_auth_perm; Type: FK CONSTRAINT; Schema: public; Owner: southindiauser
--

ALTER TABLE ONLY public.auth_user_user_permissions
    ADD CONSTRAINT auth_user_user_permi_permission_id_1fbb5f2c_fk_auth_perm FOREIGN KEY (permission_id) REFERENCES public.auth_permission(id) DEFERRABLE INITIALLY DEFERRED;


--
-- Name: auth_user_user_permissions auth_user_user_permissions_user_id_a95ead1b_fk_auth_user_id; Type: FK CONSTRAINT; Schema: public; Owner: southindiauser
--

ALTER TABLE ONLY public.auth_user_user_permissions
    ADD CONSTRAINT auth_user_user_permissions_user_id_a95ead1b_fk_auth_user_id FOREIGN KEY (user_id) REFERENCES public.auth_user(id) DEFERRABLE INITIALLY DEFERRED;


--
-- Name: core_cuisine core_cuisine_state_id_ca096fde_fk_core_state_id; Type: FK CONSTRAINT; Schema: public; Owner: southindiauser
--

ALTER TABLE ONLY public.core_cuisine
    ADD CONSTRAINT core_cuisine_state_id_ca096fde_fk_core_state_id FOREIGN KEY (state_id) REFERENCES public.core_state(id) DEFERRABLE INITIALLY DEFERRED;


--
-- Name: core_event core_event_state_id_c09bbfec_fk_core_state_id; Type: FK CONSTRAINT; Schema: public; Owner: southindiauser
--

ALTER TABLE ONLY public.core_event
    ADD CONSTRAINT core_event_state_id_c09bbfec_fk_core_state_id FOREIGN KEY (state_id) REFERENCES public.core_state(id) DEFERRABLE INITIALLY DEFERRED;


--
-- Name: core_favorite core_favorite_place_id_cd921faf_fk_core_place_id; Type: FK CONSTRAINT; Schema: public; Owner: southindiauser
--

ALTER TABLE ONLY public.core_favorite
    ADD CONSTRAINT core_favorite_place_id_cd921faf_fk_core_place_id FOREIGN KEY (place_id) REFERENCES public.core_place(id) DEFERRABLE INITIALLY DEFERRED;


--
-- Name: core_favorite core_favorite_user_id_6e3cf6dd_fk_auth_user_id; Type: FK CONSTRAINT; Schema: public; Owner: southindiauser
--

ALTER TABLE ONLY public.core_favorite
    ADD CONSTRAINT core_favorite_user_id_6e3cf6dd_fk_auth_user_id FOREIGN KEY (user_id) REFERENCES public.auth_user(id) DEFERRABLE INITIALLY DEFERRED;


--
-- Name: core_hotel core_hotel_place_id_511381be_fk_core_place_id; Type: FK CONSTRAINT; Schema: public; Owner: southindiauser
--

ALTER TABLE ONLY public.core_hotel
    ADD CONSTRAINT core_hotel_place_id_511381be_fk_core_place_id FOREIGN KEY (place_id) REFERENCES public.core_place(id) DEFERRABLE INITIALLY DEFERRED;


--
-- Name: core_inquiry core_inquiry_state_id_1053d8da_fk_core_state_id; Type: FK CONSTRAINT; Schema: public; Owner: southindiauser
--

ALTER TABLE ONLY public.core_inquiry
    ADD CONSTRAINT core_inquiry_state_id_1053d8da_fk_core_state_id FOREIGN KEY (state_id) REFERENCES public.core_state(id) DEFERRABLE INITIALLY DEFERRED;


--
-- Name: core_inquiry core_inquiry_user_id_f39163f5_fk_auth_user_id; Type: FK CONSTRAINT; Schema: public; Owner: southindiauser
--

ALTER TABLE ONLY public.core_inquiry
    ADD CONSTRAINT core_inquiry_user_id_f39163f5_fk_auth_user_id FOREIGN KEY (user_id) REFERENCES public.auth_user(id) DEFERRABLE INITIALLY DEFERRED;


--
-- Name: core_itinerary core_itinerary_state_id_87573d75_fk_core_state_id; Type: FK CONSTRAINT; Schema: public; Owner: southindiauser
--

ALTER TABLE ONLY public.core_itinerary
    ADD CONSTRAINT core_itinerary_state_id_87573d75_fk_core_state_id FOREIGN KEY (state_id) REFERENCES public.core_state(id) DEFERRABLE INITIALLY DEFERRED;


--
-- Name: core_place_favorited_by core_place_favorited_by_place_id_64766db1_fk_core_place_id; Type: FK CONSTRAINT; Schema: public; Owner: southindiauser
--

ALTER TABLE ONLY public.core_place_favorited_by
    ADD CONSTRAINT core_place_favorited_by_place_id_64766db1_fk_core_place_id FOREIGN KEY (place_id) REFERENCES public.core_place(id) DEFERRABLE INITIALLY DEFERRED;


--
-- Name: core_place_favorited_by core_place_favorited_by_user_id_a01fe5dd_fk_auth_user_id; Type: FK CONSTRAINT; Schema: public; Owner: southindiauser
--

ALTER TABLE ONLY public.core_place_favorited_by
    ADD CONSTRAINT core_place_favorited_by_user_id_a01fe5dd_fk_auth_user_id FOREIGN KEY (user_id) REFERENCES public.auth_user(id) DEFERRABLE INITIALLY DEFERRED;


--
-- Name: core_place core_place_state_id_4d6753b7_fk_core_state_id; Type: FK CONSTRAINT; Schema: public; Owner: southindiauser
--

ALTER TABLE ONLY public.core_place
    ADD CONSTRAINT core_place_state_id_4d6753b7_fk_core_state_id FOREIGN KEY (state_id) REFERENCES public.core_state(id) DEFERRABLE INITIALLY DEFERRED;


--
-- Name: core_post core_post_author_id_083b751e_fk_auth_user_id; Type: FK CONSTRAINT; Schema: public; Owner: southindiauser
--

ALTER TABLE ONLY public.core_post
    ADD CONSTRAINT core_post_author_id_083b751e_fk_auth_user_id FOREIGN KEY (author_id) REFERENCES public.auth_user(id) DEFERRABLE INITIALLY DEFERRED;


--
-- Name: core_post_favorites core_post_favorites_post_id_c8bcbabe_fk_core_post_id; Type: FK CONSTRAINT; Schema: public; Owner: southindiauser
--

ALTER TABLE ONLY public.core_post_favorites
    ADD CONSTRAINT core_post_favorites_post_id_c8bcbabe_fk_core_post_id FOREIGN KEY (post_id) REFERENCES public.core_post(id) DEFERRABLE INITIALLY DEFERRED;


--
-- Name: core_post_favorites core_post_favorites_user_id_c2e8752e_fk_auth_user_id; Type: FK CONSTRAINT; Schema: public; Owner: southindiauser
--

ALTER TABLE ONLY public.core_post_favorites
    ADD CONSTRAINT core_post_favorites_user_id_c2e8752e_fk_auth_user_id FOREIGN KEY (user_id) REFERENCES public.auth_user(id) DEFERRABLE INITIALLY DEFERRED;


--
-- Name: core_post core_post_state_id_7a717689_fk_core_state_id; Type: FK CONSTRAINT; Schema: public; Owner: southindiauser
--

ALTER TABLE ONLY public.core_post
    ADD CONSTRAINT core_post_state_id_7a717689_fk_core_state_id FOREIGN KEY (state_id) REFERENCES public.core_state(id) DEFERRABLE INITIALLY DEFERRED;


--
-- Name: core_restaurant core_restaurant_state_id_cfa2c7a3_fk_core_state_id; Type: FK CONSTRAINT; Schema: public; Owner: southindiauser
--

ALTER TABLE ONLY public.core_restaurant
    ADD CONSTRAINT core_restaurant_state_id_cfa2c7a3_fk_core_state_id FOREIGN KEY (state_id) REFERENCES public.core_state(id) DEFERRABLE INITIALLY DEFERRED;


--
-- Name: core_review core_review_place_id_bb21b710_fk_core_place_id; Type: FK CONSTRAINT; Schema: public; Owner: southindiauser
--

ALTER TABLE ONLY public.core_review
    ADD CONSTRAINT core_review_place_id_bb21b710_fk_core_place_id FOREIGN KEY (place_id) REFERENCES public.core_place(id) DEFERRABLE INITIALLY DEFERRED;


--
-- Name: core_review core_review_state_id_b2110ef9_fk_core_state_id; Type: FK CONSTRAINT; Schema: public; Owner: southindiauser
--

ALTER TABLE ONLY public.core_review
    ADD CONSTRAINT core_review_state_id_b2110ef9_fk_core_state_id FOREIGN KEY (state_id) REFERENCES public.core_state(id) DEFERRABLE INITIALLY DEFERRED;


--
-- Name: core_review core_review_user_id_b6106194_fk_auth_user_id; Type: FK CONSTRAINT; Schema: public; Owner: southindiauser
--

ALTER TABLE ONLY public.core_review
    ADD CONSTRAINT core_review_user_id_b6106194_fk_auth_user_id FOREIGN KEY (user_id) REFERENCES public.auth_user(id) DEFERRABLE INITIALLY DEFERRED;


--
-- Name: core_state_favorites core_state_favorites_state_id_136edd74_fk_core_state_id; Type: FK CONSTRAINT; Schema: public; Owner: southindiauser
--

ALTER TABLE ONLY public.core_state_favorites
    ADD CONSTRAINT core_state_favorites_state_id_136edd74_fk_core_state_id FOREIGN KEY (state_id) REFERENCES public.core_state(id) DEFERRABLE INITIALLY DEFERRED;


--
-- Name: core_state_favorites core_state_favorites_user_id_56b4823b_fk_auth_user_id; Type: FK CONSTRAINT; Schema: public; Owner: southindiauser
--

ALTER TABLE ONLY public.core_state_favorites
    ADD CONSTRAINT core_state_favorites_user_id_56b4823b_fk_auth_user_id FOREIGN KEY (user_id) REFERENCES public.auth_user(id) DEFERRABLE INITIALLY DEFERRED;


--
-- Name: core_telegramuser core_telegramuser_user_id_5410f139_fk_auth_user_id; Type: FK CONSTRAINT; Schema: public; Owner: southindiauser
--

ALTER TABLE ONLY public.core_telegramuser
    ADD CONSTRAINT core_telegramuser_user_id_5410f139_fk_auth_user_id FOREIGN KEY (user_id) REFERENCES public.auth_user(id) DEFERRABLE INITIALLY DEFERRED;


--
-- Name: core_transportationoption core_transportationoption_state_id_bf803a19_fk_core_state_id; Type: FK CONSTRAINT; Schema: public; Owner: southindiauser
--

ALTER TABLE ONLY public.core_transportationoption
    ADD CONSTRAINT core_transportationoption_state_id_bf803a19_fk_core_state_id FOREIGN KEY (state_id) REFERENCES public.core_state(id) DEFERRABLE INITIALLY DEFERRED;


--
-- Name: core_userprofile core_userprofile_favorite_state_id_c324e0f2_fk_core_state_id; Type: FK CONSTRAINT; Schema: public; Owner: southindiauser
--

ALTER TABLE ONLY public.core_userprofile
    ADD CONSTRAINT core_userprofile_favorite_state_id_c324e0f2_fk_core_state_id FOREIGN KEY (favorite_state_id) REFERENCES public.core_state(id) DEFERRABLE INITIALLY DEFERRED;


--
-- Name: core_userprofile core_userprofile_user_id_5141ad90_fk_auth_user_id; Type: FK CONSTRAINT; Schema: public; Owner: southindiauser
--

ALTER TABLE ONLY public.core_userprofile
    ADD CONSTRAINT core_userprofile_user_id_5141ad90_fk_auth_user_id FOREIGN KEY (user_id) REFERENCES public.auth_user(id) DEFERRABLE INITIALLY DEFERRED;


--
-- Name: django_admin_log django_admin_log_content_type_id_c4bce8eb_fk_django_co; Type: FK CONSTRAINT; Schema: public; Owner: southindiauser
--

ALTER TABLE ONLY public.django_admin_log
    ADD CONSTRAINT django_admin_log_content_type_id_c4bce8eb_fk_django_co FOREIGN KEY (content_type_id) REFERENCES public.django_content_type(id) DEFERRABLE INITIALLY DEFERRED;


--
-- Name: django_admin_log django_admin_log_user_id_c564eba6_fk_auth_user_id; Type: FK CONSTRAINT; Schema: public; Owner: southindiauser
--

ALTER TABLE ONLY public.django_admin_log
    ADD CONSTRAINT django_admin_log_user_id_c564eba6_fk_auth_user_id FOREIGN KEY (user_id) REFERENCES public.auth_user(id) DEFERRABLE INITIALLY DEFERRED;


--
-- PostgreSQL database dump complete
--

