[{"model": "core.state", "pk": 7, "fields": {"name": "Kerala", "description": "Known for its backwaters, beaches, and lush green hills.", "history": "", "culture": "", "climate": "", "best_time_to_visit": "", "favorites": []}}, {"model": "core.state", "pk": 8, "fields": {"name": "Karnataka", "description": "Famous for historical sites, tech hubs, and scenic landscapes.", "history": "", "culture": "", "climate": "", "best_time_to_visit": "", "favorites": [2]}}, {"model": "core.state", "pk": 9, "fields": {"name": "Tamil Nadu", "description": "Renowned for its ancient temples, culture, and coastal beauty.", "history": "", "culture": "", "climate": "", "best_time_to_visit": "", "favorites": []}}, {"model": "core.state", "pk": 10, "fields": {"name": "Andhra Pradesh", "description": "Known for its rich history, temples, and cuisine.", "history": "", "culture": "", "climate": "", "best_time_to_visit": "", "favorites": []}}, {"model": "core.state", "pk": 11, "fields": {"name": "Telangana", "description": "Famous for its heritage sites, IT hubs, and unique culture.", "history": "", "culture": "", "climate": "", "best_time_to_visit": "", "favorites": []}}, {"model": "core.place", "pk": 8, "fields": {"state": 7, "name": "Munnar", "category": "Hill Station", "description": "A picturesque hill station with tea plantations and misty mountains.", "location": "", "entry_fee": null, "visiting_hours": ""}}, {"model": "core.place", "pk": 9, "fields": {"state": 7, "name": "Alleppey", "category": "Backwaters", "description": "Famous for its houseboat cruises and serene backwaters.", "location": "", "entry_fee": null, "visiting_hours": ""}}, {"model": "core.place", "pk": 10, "fields": {"state": 7, "name": "Kochi", "category": "Coastal", "description": "A vibrant port city known for its Chinese fishing nets and colonial history.", "location": "", "entry_fee": null, "visiting_hours": ""}}, {"model": "core.place", "pk": 11, "fields": {"state": 8, "name": "Hampi", "category": "Historical", "description": "A UNESCO World Heritage site with ancient ruins and temples.", "location": "", "entry_fee": null, "visiting_hours": ""}}, {"model": "core.place", "pk": 12, "fields": {"state": 8, "name": "Coorg", "category": "Hill Station", "description": "Known for coffee plantations, waterfalls, and misty hills.", "location": "", "entry_fee": null, "visiting_hours": ""}}, {"model": "core.place", "pk": 13, "fields": {"state": 8, "name": "Mysore", "category": "Cultural", "description": "Famous for its royal heritage and the Mysore Palace.", "location": "", "entry_fee": null, "visiting_hours": ""}}, {"model": "core.place", "pk": 14, "fields": {"state": 9, "name": "Ooty", "category": "Hill Station", "description": "A popular hill station with lakes, gardens, and colonial charm.", "location": "", "entry_fee": null, "visiting_hours": ""}}, {"model": "core.place", "pk": 15, "fields": {"state": 9, "name": "Kanyakumari", "category": "Coastal", "description": "The southernmost tip of India, known for its sunrise and sunset views.", "location": "", "entry_fee": null, "visiting_hours": ""}}, {"model": "core.place", "pk": 16, "fields": {"state": 9, "name": "Madurai", "category": "Cultural", "description": "Known for the Meenakshi Amman Temple and its rich history.", "location": "", "entry_fee": null, "visiting_hours": ""}}, {"model": "core.place", "pk": 17, "fields": {"state": 10, "name": "Tirupati", "category": "Spiritual", "description": "Home to the famous Tirumala Venkateswara Temple.", "location": "", "entry_fee": null, "visiting_hours": ""}}, {"model": "core.place", "pk": 18, "fields": {"state": 10, "name": "Araku Valley", "category": "Hill Station", "description": "A scenic hill station known for its coffee plantations and caves.", "location": "", "entry_fee": null, "visiting_hours": ""}}, {"model": "core.place", "pk": 19, "fields": {"state": 10, "name": "Vijayawada", "category": "Cultural", "description": "Known for the Kanaka Durga Temple and the Krishna River.", "location": "", "entry_fee": null, "visiting_hours": ""}}, {"model": "core.place", "pk": 20, "fields": {"state": 11, "name": "Hyderabad", "category": "Urban", "description": "The City of Pearls, known for its Charminar and biryani.", "location": "", "entry_fee": null, "visiting_hours": ""}}, {"model": "core.place", "pk": 21, "fields": {"state": 11, "name": "Warangal", "category": "Historical", "description": "Famous for its ancient temples and the Warangal Fort.", "location": "", "entry_fee": null, "visiting_hours": ""}}, {"model": "core.place", "pk": 22, "fields": {"state": 11, "name": "Nizamabad", "category": "Cultural", "description": "Known for its historical monuments and temples.", "location": "", "entry_fee": null, "visiting_hours": ""}}, {"model": "core.hotel", "pk": 13, "fields": {"place": 8, "name": "Munnar Tea Resort", "address": "Tea Valley Road, Munnar", "amenities": "Wi-Fi, Breakfast, Spa", "distance": 2.0, "price_per_night": null}}, {"model": "core.hotel", "pk": 14, "fields": {"place": 9, "name": "Alleppey Backwater Inn", "address": "Lake Road, Alleppey", "amenities": "Houseboat, Wi-Fi, Breakfast", "distance": 1.5, "price_per_night": null}}, {"model": "core.hotel", "pk": 15, "fields": {"place": 11, "name": "Hampi Heritage Hotel", "address": "Temple Road, Hampi", "amenities": "Wi-Fi, Guided Tours, Breakfast", "distance": 3.0, "price_per_night": null}}, {"model": "core.hotel", "pk": 16, "fields": {"place": 12, "name": "Coorg Coffee Estate", "address": "Plantation Road, Coorg", "amenities": "Nature Walks, Wi-Fi, Restaurant", "distance": 2.8, "price_per_night": null}}, {"model": "core.hotel", "pk": 17, "fields": {"place": 14, "name": "Ooty Garden Resort", "address": "Lake Road, Ooty", "amenities": "Wi-Fi, Breakfast, Garden View", "distance": 1.0, "price_per_night": null}}, {"model": "core.hotel", "pk": 18, "fields": {"place": 15, "name": "Kanyakumari Sunrise Hotel", "address": "Beach Road, Kanyakumari", "amenities": "Sea View, Wi-Fi, Restaurant", "distance": 0.5, "price_per_night": null}}, {"model": "core.hotel", "pk": 19, "fields": {"place": 17, "name": "Tirupati Grand Hotel", "address": "Temple Road, Tirupati", "amenities": "Wi-Fi, Breakfast, Parking", "distance": 1.0, "price_per_night": null}}, {"model": "core.hotel", "pk": 20, "fields": {"place": 18, "name": "Araku Valley Resort", "address": "Hilltop Road, Araku Valley", "amenities": "Nature Walks, Wi-Fi, Restaurant", "distance": 2.5, "price_per_night": null}}, {"model": "core.hotel", "pk": 21, "fields": {"place": 20, "name": "Hyderabad Pearl Hotel", "address": "Charminar Road, Hyderabad", "amenities": "Wi-Fi, Restaurant, Parking", "distance": 1.0, "price_per_night": null}}, {"model": "core.hotel", "pk": 22, "fields": {"place": 21, "name": "Warangal Heritage Inn", "address": "Fort Road, Warangal", "amenities": "Wi-Fi, Breakfast, Guided Tours", "distance": 2.0, "price_per_night": null}}, {"model": "core.contact", "pk": 1, "fields": {"name": "rahul", "email": "ramsai@gmail.com", "phone": "7075960680", "subject": "Doubt on places", "message": "hii,this is rahul"}}, {"model": "core.contact", "pk": 2, "fields": {"name": "ram", "email": "sai@gmail.com", "phone": "7984737900", "subject": "Doubt on places", "message": "pls help"}}, {"model": "core.favorite", "pk": 1, "fields": {"user": 2, "place": 8, "added_on": "2025-05-10T18:34:55.827Z"}}, {"model": "core.favorite", "pk": 5, "fields": {"user": 5, "place": 12, "added_on": "2025-05-13T10:20:38.701Z"}}, {"model": "core.favorite", "pk": 6, "fields": {"user": 5, "place": 13, "added_on": "2025-05-13T10:20:53.065Z"}}, {"model": "core.favorite", "pk": 7, "fields": {"user": 2, "place": 12, "added_on": "2025-05-13T11:10:53.852Z"}}, {"model": "core.favorite", "pk": 8, "fields": {"user": 2, "place": 11, "added_on": "2025-05-13T11:10:56.150Z"}}, {"model": "core.review", "pk": 1, "fields": {"user": 2, "place": 13, "rating": 4, "comment": "good", "created_on": "2025-05-10T19:06:26.406Z"}}, {"model": "admin.logentry", "pk": 1, "fields": {"action_time": "2025-04-16T09:29:23.252Z", "user": 1, "content_type": 1, "object_id": "1", "object_repr": "Kerala", "action_flag": 1, "change_message": "[{\"added\": {}}]"}}, {"model": "admin.logentry", "pk": 2, "fields": {"action_time": "2025-04-16T09:30:16.319Z", "user": 1, "content_type": 2, "object_id": "1", "object_repr": "Munnar, Kerala", "action_flag": 1, "change_message": "[{\"added\": {}}]"}}, {"model": "admin.logentry", "pk": 3, "fields": {"action_time": "2025-04-16T09:30:47.659Z", "user": 1, "content_type": 3, "object_id": "1", "object_repr": "Sterling Munnar near Munnar", "action_flag": 1, "change_message": "[{\"added\": {}}]"}}, {"model": "admin.logentry", "pk": 4, "fields": {"action_time": "2025-04-16T09:41:20.348Z", "user": 1, "content_type": 3, "object_id": "2", "object_repr": "Taj Munnar near Munnar", "action_flag": 1, "change_message": "[{\"added\": {}}]"}}, {"model": "admin.logentry", "pk": 5, "fields": {"action_time": "2025-04-16T09:41:52.719Z", "user": 1, "content_type": 3, "object_id": "3", "object_repr": "Parakkat Nature Resort near Munnar", "action_flag": 1, "change_message": "[{\"added\": {}}]"}}, {"model": "admin.logentry", "pk": 6, "fields": {"action_time": "2025-04-16T09:42:10.502Z", "user": 1, "content_type": 1, "object_id": "2", "object_repr": "Karnataka", "action_flag": 1, "change_message": "[{\"added\": {}}]"}}, {"model": "admin.logentry", "pk": 7, "fields": {"action_time": "2025-04-16T09:43:00.508Z", "user": 1, "content_type": 2, "object_id": "2", "object_repr": "Hampi, Karnataka", "action_flag": 1, "change_message": "[{\"added\": {}}]"}}, {"model": "admin.logentry", "pk": 8, "fields": {"action_time": "2025-04-16T09:44:28.846Z", "user": 1, "content_type": 3, "object_id": "4", "object_repr": "Evolve Back Hampi near Hampi", "action_flag": 1, "change_message": "[{\"added\": {}}]"}}, {"model": "admin.logentry", "pk": 9, "fields": {"action_time": "2025-04-30T10:06:24.521Z", "user": 2, "content_type": 7, "object_id": "3", "object_repr": "nani", "action_flag": 1, "change_message": "[{\"added\": {}}]"}}, {"model": "admin.logentry", "pk": 10, "fields": {"action_time": "2025-04-30T10:08:30.229Z", "user": 2, "content_type": 1, "object_id": "3", "object_repr": "Telangana", "action_flag": 1, "change_message": "[{\"added\": {}}]"}}, {"model": "admin.logentry", "pk": 11, "fields": {"action_time": "2025-04-30T14:40:51.652Z", "user": 2, "content_type": 10, "object_id": "1", "object_repr": "rahul", "action_flag": 1, "change_message": "[{\"added\": {}}]"}}, {"model": "admin.logentry", "pk": 12, "fields": {"action_time": "2025-04-30T15:06:44.328Z", "user": 2, "content_type": 11, "object_id": "1", "object_repr": "PADMANABA SWAMI TEMPLE", "action_flag": 1, "change_message": "[{\"added\": {}}]"}}, {"model": "admin.logentry", "pk": 13, "fields": {"action_time": "2025-05-01T08:36:37.250Z", "user": 2, "content_type": 7, "object_id": "4", "object_repr": "teja", "action_flag": 3, "change_message": ""}}, {"model": "admin.logentry", "pk": 14, "fields": {"action_time": "2025-05-01T08:36:51.854Z", "user": 2, "content_type": 7, "object_id": "5", "object_repr": "teja", "action_flag": 1, "change_message": "[{\"added\": {}}]"}}, {"model": "admin.logentry", "pk": 15, "fields": {"action_time": "2025-05-01T08:38:39.713Z", "user": 2, "content_type": 7, "object_id": "2", "object_repr": "rahuln", "action_flag": 2, "change_message": "[{\"changed\": {\"fields\": [\"password\"]}}]"}}, {"model": "admin.logentry", "pk": 16, "fields": {"action_time": "2025-05-09T06:29:49.660Z", "user": 2, "content_type": 1, "object_id": "12", "object_repr": "Jammu", "action_flag": 1, "change_message": "[{\"added\": {}}]"}}, {"model": "admin.logentry", "pk": 17, "fields": {"action_time": "2025-05-10T18:21:23.313Z", "user": 2, "content_type": 1, "object_id": "12", "object_repr": "Jammu", "action_flag": 3, "change_message": ""}}, {"model": "auth.permission", "pk": 1, "fields": {"name": "Can add state", "content_type": 1, "codename": "add_state"}}, {"model": "auth.permission", "pk": 2, "fields": {"name": "Can change state", "content_type": 1, "codename": "change_state"}}, {"model": "auth.permission", "pk": 3, "fields": {"name": "Can delete state", "content_type": 1, "codename": "delete_state"}}, {"model": "auth.permission", "pk": 4, "fields": {"name": "Can view state", "content_type": 1, "codename": "view_state"}}, {"model": "auth.permission", "pk": 5, "fields": {"name": "Can add tourist place", "content_type": 2, "codename": "add_touristplace"}}, {"model": "auth.permission", "pk": 6, "fields": {"name": "Can change tourist place", "content_type": 2, "codename": "change_touristplace"}}, {"model": "auth.permission", "pk": 7, "fields": {"name": "Can delete tourist place", "content_type": 2, "codename": "delete_touristplace"}}, {"model": "auth.permission", "pk": 8, "fields": {"name": "Can view tourist place", "content_type": 2, "codename": "view_touristplace"}}, {"model": "auth.permission", "pk": 9, "fields": {"name": "Can add hotel", "content_type": 3, "codename": "add_hotel"}}, {"model": "auth.permission", "pk": 10, "fields": {"name": "Can change hotel", "content_type": 3, "codename": "change_hotel"}}, {"model": "auth.permission", "pk": 11, "fields": {"name": "Can delete hotel", "content_type": 3, "codename": "delete_hotel"}}, {"model": "auth.permission", "pk": 12, "fields": {"name": "Can view hotel", "content_type": 3, "codename": "view_hotel"}}, {"model": "auth.permission", "pk": 13, "fields": {"name": "Can add log entry", "content_type": 4, "codename": "add_logentry"}}, {"model": "auth.permission", "pk": 14, "fields": {"name": "Can change log entry", "content_type": 4, "codename": "change_logentry"}}, {"model": "auth.permission", "pk": 15, "fields": {"name": "Can delete log entry", "content_type": 4, "codename": "delete_logentry"}}, {"model": "auth.permission", "pk": 16, "fields": {"name": "Can view log entry", "content_type": 4, "codename": "view_logentry"}}, {"model": "auth.permission", "pk": 17, "fields": {"name": "Can add permission", "content_type": 5, "codename": "add_permission"}}, {"model": "auth.permission", "pk": 18, "fields": {"name": "Can change permission", "content_type": 5, "codename": "change_permission"}}, {"model": "auth.permission", "pk": 19, "fields": {"name": "Can delete permission", "content_type": 5, "codename": "delete_permission"}}, {"model": "auth.permission", "pk": 20, "fields": {"name": "Can view permission", "content_type": 5, "codename": "view_permission"}}, {"model": "auth.permission", "pk": 21, "fields": {"name": "Can add group", "content_type": 6, "codename": "add_group"}}, {"model": "auth.permission", "pk": 22, "fields": {"name": "Can change group", "content_type": 6, "codename": "change_group"}}, {"model": "auth.permission", "pk": 23, "fields": {"name": "Can delete group", "content_type": 6, "codename": "delete_group"}}, {"model": "auth.permission", "pk": 24, "fields": {"name": "Can view group", "content_type": 6, "codename": "view_group"}}, {"model": "auth.permission", "pk": 25, "fields": {"name": "Can add user", "content_type": 7, "codename": "add_user"}}, {"model": "auth.permission", "pk": 26, "fields": {"name": "Can change user", "content_type": 7, "codename": "change_user"}}, {"model": "auth.permission", "pk": 27, "fields": {"name": "Can delete user", "content_type": 7, "codename": "delete_user"}}, {"model": "auth.permission", "pk": 28, "fields": {"name": "Can view user", "content_type": 7, "codename": "view_user"}}, {"model": "auth.permission", "pk": 29, "fields": {"name": "Can add content type", "content_type": 8, "codename": "add_contenttype"}}, {"model": "auth.permission", "pk": 30, "fields": {"name": "Can change content type", "content_type": 8, "codename": "change_contenttype"}}, {"model": "auth.permission", "pk": 31, "fields": {"name": "Can delete content type", "content_type": 8, "codename": "delete_contenttype"}}, {"model": "auth.permission", "pk": 32, "fields": {"name": "Can view content type", "content_type": 8, "codename": "view_contenttype"}}, {"model": "auth.permission", "pk": 33, "fields": {"name": "Can add session", "content_type": 9, "codename": "add_session"}}, {"model": "auth.permission", "pk": 34, "fields": {"name": "Can change session", "content_type": 9, "codename": "change_session"}}, {"model": "auth.permission", "pk": 35, "fields": {"name": "Can delete session", "content_type": 9, "codename": "delete_session"}}, {"model": "auth.permission", "pk": 36, "fields": {"name": "Can view session", "content_type": 9, "codename": "view_session"}}, {"model": "auth.permission", "pk": 37, "fields": {"name": "Can add contact", "content_type": 10, "codename": "add_contact"}}, {"model": "auth.permission", "pk": 38, "fields": {"name": "Can change contact", "content_type": 10, "codename": "change_contact"}}, {"model": "auth.permission", "pk": 39, "fields": {"name": "Can delete contact", "content_type": 10, "codename": "delete_contact"}}, {"model": "auth.permission", "pk": 40, "fields": {"name": "Can view contact", "content_type": 10, "codename": "view_contact"}}, {"model": "auth.permission", "pk": 41, "fields": {"name": "Can add place", "content_type": 11, "codename": "add_place"}}, {"model": "auth.permission", "pk": 42, "fields": {"name": "Can change place", "content_type": 11, "codename": "change_place"}}, {"model": "auth.permission", "pk": 43, "fields": {"name": "Can delete place", "content_type": 11, "codename": "delete_place"}}, {"model": "auth.permission", "pk": 44, "fields": {"name": "Can view place", "content_type": 11, "codename": "view_place"}}, {"model": "auth.permission", "pk": 45, "fields": {"name": "Can add user profile", "content_type": 12, "codename": "add_userprofile"}}, {"model": "auth.permission", "pk": 46, "fields": {"name": "Can change user profile", "content_type": 12, "codename": "change_userprofile"}}, {"model": "auth.permission", "pk": 47, "fields": {"name": "Can delete user profile", "content_type": 12, "codename": "delete_userprofile"}}, {"model": "auth.permission", "pk": 48, "fields": {"name": "Can view user profile", "content_type": 12, "codename": "view_userprofile"}}, {"model": "auth.permission", "pk": 49, "fields": {"name": "Can add review", "content_type": 13, "codename": "add_review"}}, {"model": "auth.permission", "pk": 50, "fields": {"name": "Can change review", "content_type": 13, "codename": "change_review"}}, {"model": "auth.permission", "pk": 51, "fields": {"name": "Can delete review", "content_type": 13, "codename": "delete_review"}}, {"model": "auth.permission", "pk": 52, "fields": {"name": "Can view review", "content_type": 13, "codename": "view_review"}}, {"model": "auth.permission", "pk": 53, "fields": {"name": "Can add favorite", "content_type": 14, "codename": "add_favorite"}}, {"model": "auth.permission", "pk": 54, "fields": {"name": "Can change favorite", "content_type": 14, "codename": "change_favorite"}}, {"model": "auth.permission", "pk": 55, "fields": {"name": "Can delete favorite", "content_type": 14, "codename": "delete_favorite"}}, {"model": "auth.permission", "pk": 56, "fields": {"name": "Can view favorite", "content_type": 14, "codename": "view_favorite"}}, {"model": "auth.permission", "pk": 57, "fields": {"name": "Can add post", "content_type": 15, "codename": "add_post"}}, {"model": "auth.permission", "pk": 58, "fields": {"name": "Can change post", "content_type": 15, "codename": "change_post"}}, {"model": "auth.permission", "pk": 59, "fields": {"name": "Can delete post", "content_type": 15, "codename": "delete_post"}}, {"model": "auth.permission", "pk": 60, "fields": {"name": "Can view post", "content_type": 15, "codename": "view_post"}}, {"model": "auth.user", "pk": 1, "fields": {"password": "pbkdf2_sha256$1000000$RGvcPrYMcmIeYuMJ4hNEqQ$+nHyY9Be/g9xLjem6cfaMbwueLavyVv/GAgUhb85B6E=", "last_login": "2025-04-16T09:26:56.849Z", "is_superuser": true, "username": "admin", "first_name": "", "last_name": "", "email": "", "is_staff": true, "is_active": true, "date_joined": "2025-04-16T09:26:19.836Z", "groups": [], "user_permissions": []}}, {"model": "auth.user", "pk": 2, "fields": {"password": "pbkdf2_sha256$1000000$hjDumCr6khcLh5amGHIjKd$ZVcxGTwNd7eACNFAXFEV/KycWnolkgGxcjP1RksOf6I=", "last_login": "2025-05-13T10:23:10.725Z", "is_superuser": true, "username": "rahuln", "first_name": "", "last_name": "", "email": "", "is_staff": true, "is_active": true, "date_joined": "2025-04-30T10:05:09.528Z", "groups": [], "user_permissions": []}}, {"model": "auth.user", "pk": 3, "fields": {"password": "pbkdf2_sha256$1000000$CyVLaTb5MxygXj32aYWTFp$RrJcrVWEJQ+cFlxP9H41AXf05lv/GSfTWXxwuZPzrk8=", "last_login": null, "is_superuser": false, "username": "nani", "first_name": "", "last_name": "", "email": "", "is_staff": false, "is_active": true, "date_joined": "2025-04-30T10:06:23.698Z", "groups": [], "user_permissions": []}}, {"model": "auth.user", "pk": 5, "fields": {"password": "pbkdf2_sha256$1000000$gCPS2RSyd3zqqtp2nhw56x$IWIciHjJs3HALFAVLD8hBW5D2IR02ZFSTCAjVTu6UVg=", "last_login": "2025-05-13T10:05:47.085Z", "is_superuser": false, "username": "teja", "first_name": "", "last_name": "", "email": "", "is_staff": false, "is_active": true, "date_joined": "2025-05-01T08:36:51.040Z", "groups": [], "user_permissions": []}}, {"model": "contenttypes.contenttype", "pk": 1, "fields": {"app_label": "core", "model": "state"}}, {"model": "contenttypes.contenttype", "pk": 2, "fields": {"app_label": "core", "model": "touristplace"}}, {"model": "contenttypes.contenttype", "pk": 3, "fields": {"app_label": "core", "model": "hotel"}}, {"model": "contenttypes.contenttype", "pk": 4, "fields": {"app_label": "admin", "model": "logentry"}}, {"model": "contenttypes.contenttype", "pk": 5, "fields": {"app_label": "auth", "model": "permission"}}, {"model": "contenttypes.contenttype", "pk": 6, "fields": {"app_label": "auth", "model": "group"}}, {"model": "contenttypes.contenttype", "pk": 7, "fields": {"app_label": "auth", "model": "user"}}, {"model": "contenttypes.contenttype", "pk": 8, "fields": {"app_label": "contenttypes", "model": "contenttype"}}, {"model": "contenttypes.contenttype", "pk": 9, "fields": {"app_label": "sessions", "model": "session"}}, {"model": "contenttypes.contenttype", "pk": 10, "fields": {"app_label": "core", "model": "contact"}}, {"model": "contenttypes.contenttype", "pk": 11, "fields": {"app_label": "core", "model": "place"}}, {"model": "contenttypes.contenttype", "pk": 12, "fields": {"app_label": "core", "model": "userprofile"}}, {"model": "contenttypes.contenttype", "pk": 13, "fields": {"app_label": "core", "model": "review"}}, {"model": "contenttypes.contenttype", "pk": 14, "fields": {"app_label": "core", "model": "favorite"}}, {"model": "contenttypes.contenttype", "pk": 15, "fields": {"app_label": "core", "model": "post"}}, {"model": "sessions.session", "pk": "bn2ifd5bt5uzhblug9ez4913pld2qbt8", "fields": {"session_data": ".eJxVjMsOwiAQRf-FtSEMyGNcuu83EGBAqgaS0q6M_65NutDtPefcF_NhW6vfRl78TOzCgJ1-txjSI7cd0D20W-ept3WZI98VftDBp075eT3cv4MaRv3WZ0OoAbBEiGiENS4rhySUsUYmECYnJKcBMRWKzkEiHV0pWsggrdLs_QHAnDcy:1u4z2m:UuXe4QvPPrcAvTPJTUc5Mcvm3UMEEDn6weIgTpSAQz8", "expire_date": "2025-04-30T09:26:56.851Z"}}, {"model": "sessions.session", "pk": "rua1xwn91nphrc4dzhu1h9k845ljx23b", "fields": {"session_data": ".eJxVjDsOwjAQRO_iGlnB35iSnjNY6901DiBbipMKcXcSKQU0U8x7M28RYV1KXDvPcSJxEUqcfrsE-OS6A3pAvTeJrS7zlOSuyIN2eWvEr-vh_h0U6GVbM2s4MwFDGNAZRuU4ewtIWziDOWiN1ltUQfshaY9eA5o0ZEc0jiQ-XxlyOPg:1uEmn0:KXdDZslvQZp-0Ryza8fgaURG8jrZ0bj7IQxBZbpuImY", "expire_date": "2025-05-27T10:23:10.726Z"}}, {"model": "sessions.session", "pk": "tke0og5f0i9cugvj068mud6wr5f5w8s1", "fields": {"session_data": ".eJxVjDsOwjAQRO_iGlms_1DS5wzWrtfGAeRIcVIh7k4ipYBqpHlv5i0irkuNa89zHFlchRWn344wPXPbAT-w3SeZprbMI8ldkQftcpg4v26H-3dQsddtHfwll6KIIGSwyEEjGwAoWoMtobgt0WpM5CixY2VIM3hgqzyFsxGfL_ItN_M:1uDLR9:d16_o3eNKXbjbprIJyBzN0U3NBzNJcdatuLgeR4ozVo", "expire_date": "2025-05-23T10:58:39.958Z"}}]