[{"model": "core.state", "pk": 1, "fields": {"name": "Kerala", "slug": "kerala", "description": "Known for its backwaters, beaches, and lush green hills.", "history": "Kerala has a rich history dating back to the Sangam Age, with influences from trade with Arabs, Chinese, and Europeans.", "culture": "Famous for Kathakali dance, Ayurvedic traditions, and Onam festival.", "climate": "Tropical with monsoon seasons; hot and humid summers, mild winters.", "best_time_to_visit": "September to March", "cultural_safety_tips": ["Respect local customs during temple visits.", "Avoid public displays of affection in rural areas.", "Use authorized boat services for backwater tours."], "favorites": [1]}}, {"model": "core.state", "pk": 2, "fields": {"name": "Karnataka", "slug": "karnataka", "description": "Famous for historical sites, tech hubs, and scenic landscapes.", "history": "Karnataka was ruled by dynasties like the Chalukyas, Hoysalas, and Vijayanagara Empire, shaping its rich heritage.", "culture": "Known for Carnatic music, Udupi cuisine, and Mysore Dasara festival.", "climate": "Tropical with varied climates; cooler in hills, hot in plains.", "best_time_to_visit": "October to March", "cultural_safety_tips": ["Dress modestly at religious sites.", "Respect local wildlife during park visits.", "Avoid photography in restricted temple areas."], "favorites": []}}, {"model": "core.state", "pk": 4, "fields": {"name": "Andhra Pradesh", "slug": "andhra-pradesh", "description": "Known for its rich history, temples, and cuisine.", "history": "Influenced by the Satavahanas, Vijayanagara, and British rule, with a legacy of ancient trade.", "culture": "Famous for Kuchipudi dance, Telugu literature, and Ugadi festival.", "climate": "Tropical with hot summers and monsoon rains.", "best_time_to_visit": "October to February", "cultural_safety_tips": ["Follow temple dress codes and remove footwear.", "Avoid crowded areas during festivals.", "Use licensed guides for historical sites."], "favorites": [1]}}, {"model": "core.state", "pk": 5, "fields": {"name": "Telangana", "slug": "telangana", "description": "Famous for its heritage sites, IT hubs, and unique culture.", "history": "Part of the Hyderabad State under the Nizams, with a legacy of Qutb Shahi and Asaf Jahi dynasties.", "culture": "Known for Bonalu festival, Hyderabadi biryani, and traditional crafts.", "climate": "Tropical with hot summers and moderate monsoons.", "best_time_to_visit": "October to March", "cultural_safety_tips": ["Respect temple and festival customs.", "Avoid swimming in unknown water bodies near waterfalls.", "Seek permission for photography at cultural sites."], "favorites": [1]}}, {"model": "core.state", "pk": 6, "fields": {"name": "Tamil Nadu", "slug": "tamil-nadu", "description": "Tamil Nadu, a South Indian state, is famed for its Dravidian-style Hindu temples, rich cultural heritage, and vibrant festivals.", "history": "Tamil Nadu has a history dating back to the Sangam period (300 BCE - 300 CE), with a legacy of Chola, Chera, and Pandya dynasties.", "culture": "Known for classical Tamil literature, Carnatic music, Bharatanatyam dance, and traditional silk sarees.", "climate": "Tropical climate with monsoon seasons; summers are hot, winters are mild.", "best_time_to_visit": "October to March is the best time to visit Tamil Nadu.", "cultural_safety_tips": ["Respect temple dress codes by wearing modest clothing.", "Remove shoes before entering religious sites.", "Avoid public displays of affection in conservative areas."], "favorites": [1]}}, {"model": "core.place", "pk": 1, "fields": {"state": 1, "name": "Munnar", "category": "Hill Station", "description": "A picturesque hill station with tea plantations and misty mountains.", "location": "", "latitude": 10.0889, "longitude": 77.0595, "entry_fee": null, "visiting_hours": "", "safety_tip": "", "average_rating": 0.0, "visit_count": 0, "is_featured": false, "image_url": "https://upload.wikimedia.org/wikipedia/commons/thumb/c/c5/Munnar_Top_station.jpg/500px-Munnar_Top_station.jpg", "favorited_by": [1]}}, {"model": "core.place", "pk": 2, "fields": {"state": 1, "name": "Alleppey", "category": "Backwaters", "description": "Famous for its houseboat cruises and serene backwaters.", "location": "", "latitude": 9.4981, "longitude": 76.3388, "entry_fee": null, "visiting_hours": "", "safety_tip": "", "average_rating": 0.0, "visit_count": 0, "is_featured": false, "image_url": "https://th.bing.com/th/id/OIP.swbfNvs1t4jiBw0shTIkDAHaFj?w=251&h=188&c=7&r=0&o=7&dpr=1.3&pid=1.7&rm=3", "favorited_by": [1]}}, {"model": "core.place", "pk": 3, "fields": {"state": 1, "name": "Kochi", "category": "Coastal", "description": "A vibrant port city known for its Chinese fishing nets and colonial history.", "location": "", "latitude": 9.9312, "longitude": 76.2673, "entry_fee": null, "visiting_hours": "", "safety_tip": "", "average_rating": 0.0, "visit_count": 0, "is_featured": false, "image_url": "https://th.bing.com/th/id/OIP.swbfNvs1t4jiBw0shTIkDAHaFj?w=251&h=188&c=7&r=0&o=7&dpr=1.3&pid=1.7&rm=3", "favorited_by": []}}, {"model": "core.place", "pk": 4, "fields": {"state": 2, "name": "Hampi", "category": "Historical", "description": "A UNESCO World Heritage site with ancient ruins and temples.", "location": "", "latitude": 15.335, "longitude": 76.46, "entry_fee": null, "visiting_hours": "", "safety_tip": "", "average_rating": 0.0, "visit_count": 0, "is_featured": false, "image_url": "https://th.bing.com/th/id/OIP.RyeAjBtEEQwzUnpAbXGSRgHaE9?w=263&h=180&c=7&r=0&o=7&dpr=1.3&pid=1.7&rm=3", "favorited_by": []}}, {"model": "core.place", "pk": 5, "fields": {"state": 2, "name": "Coorg", "category": "Hill Station", "description": "Known for coffee plantations, waterfalls, and misty hills.", "location": "", "latitude": 12.3375, "longitude": 75.8069, "entry_fee": null, "visiting_hours": "", "safety_tip": "", "average_rating": 0.0, "visit_count": 0, "is_featured": false, "image_url": "https://mycookingcanvas.com/wp-content/uploads/2017/10/DSC_0873.jpg", "favorited_by": []}}, {"model": "core.place", "pk": 6, "fields": {"state": 2, "name": "Mysore", "category": "Cultural", "description": "Famous for its royal heritage and the Mysore Palace.", "location": "", "latitude": 12.2958, "longitude": 76.6394, "entry_fee": null, "visiting_hours": "", "safety_tip": "", "average_rating": 0.0, "visit_count": 0, "is_featured": false, "image_url": "https://th.bing.com/th/id/OIP.iIZ0RutrWVdNtXSXHB2wQAHaE8?w=204&h=180&c=7&r=0&o=7&dpr=1.3&pid=1.7&rm=3", "favorited_by": []}}, {"model": "core.place", "pk": 13, "fields": {"state": 4, "name": "Tirupati", "category": "Spiritual", "description": "Home to the famous Tirumala Venkateswara Temple.", "location": "", "latitude": 13.6288, "longitude": 79.4192, "entry_fee": null, "visiting_hours": "", "safety_tip": "", "average_rating": 0.0, "visit_count": 0, "is_featured": false, "image_url": "https://th.bing.com/th/id/OIP.3KbZNVRPZYNDovYN8-OUdAHaE7?w=255&h=180&c=7&r=0&o=7&dpr=1.3&pid=1.7&rm=3", "favorited_by": [1]}}, {"model": "core.place", "pk": 14, "fields": {"state": 4, "name": "Araku Valley", "category": "Hill Station", "description": "A scenic hill station known for its coffee plantations and caves.", "location": "", "latitude": 18.326, "longitude": 82.879, "entry_fee": null, "visiting_hours": "", "safety_tip": "", "average_rating": 0.0, "visit_count": 0, "is_featured": false, "image_url": "https://ts2.mm.bing.net/th?id=OIP.Z2Q9tHq43TT_a0MUmS3HbAHaFj&pid=15.1", "favorited_by": [1]}}, {"model": "core.place", "pk": 15, "fields": {"state": 4, "name": "Vijayawada", "category": "Cultural", "description": "Known for the Kanaka Durga Temple and the Krishna River.", "location": "", "latitude": 16.5062, "longitude": 80.648, "entry_fee": null, "visiting_hours": "", "safety_tip": "", "average_rating": 0.0, "visit_count": 0, "is_featured": false, "image_url": "https://www.bing.com/th/id/OIP.JNnpFTXLwr9xPpQiD1wG4AHaE8?w=173&h=185&c=8&rs=1&qlt=90&o=6&dpr=1.3&pid=3.1&rm=2", "favorited_by": [1]}}, {"model": "core.place", "pk": 16, "fields": {"state": 5, "name": "Hyderabad", "category": "Urban", "description": "The City of Pearls, known for its Charminar and biryani.", "location": "", "latitude": 17.385, "longitude": 78.4867, "entry_fee": null, "visiting_hours": "", "safety_tip": "", "average_rating": 0.0, "visit_count": 0, "is_featured": false, "image_url": null, "favorited_by": [1]}}, {"model": "core.place", "pk": 17, "fields": {"state": 5, "name": "Warangal", "category": "Historical", "description": "Famous for its ancient temples and the Warangal Fort.", "location": "", "latitude": 17.9784, "longitude": 79.5941, "entry_fee": null, "visiting_hours": "", "safety_tip": "", "average_rating": 0.0, "visit_count": 0, "is_featured": false, "image_url": "https://th.bing.com/th/id/OIP.ozI4X2GkmXhM793MnYMIUQHaGL?w=218&h=182&c=7&r=0&o=7&dpr=1.3&pid=1.7&rm=3", "favorited_by": [1]}}, {"model": "core.place", "pk": 18, "fields": {"state": 5, "name": "Nizamabad", "category": "Cultural", "description": "Known for its historical monuments and temples.", "location": "", "latitude": 18.672, "longitude": 78.0941, "entry_fee": null, "visiting_hours": "", "safety_tip": "", "average_rating": 0.0, "visit_count": 0, "is_featured": false, "image_url": "https://th.bing.com/th/id/OSK.HEROhb3olG-r2SARJhN1bUpLJop0uYj7gkRS1Bwnma3Lf1I?w=312&h=200&c=15&rs=2&o=6&dpr=1.3&pid=SANGAM", "favorited_by": [1]}}, {"model": "core.place", "pk": 19, "fields": {"state": 6, "name": "Meenakshi Temple", "category": "religious", "description": "A historic Hindu temple with towering gopurams, dedicated to Goddess Meenakshi.", "location": "Madurai", "latitude": 9.9195, "longitude": 78.1192, "entry_fee": "50.00", "visiting_hours": "9 AM - 7 PM", "safety_tip": "Beware of crowded areas inside the temple.", "average_rating": 4.5, "visit_count": 100, "is_featured": false, "image_url": "https://th.bing.com/th/id/OIP.LMhlulnHB23RjxBNU-m4OwHaFQ?w=217&h=180&c=7&r=0&o=7&dpr=1.3&pid=1.7&rm=3", "favorited_by": [1]}}, {"model": "core.place", "pk": 20, "fields": {"state": 6, "name": "Marina Beach", "category": "natural", "description": "One of the longest urban beaches in the world, perfect for a sunrise stroll.", "location": "Chennai", "latitude": 13.05, "longitude": 80.2824, "entry_fee": "0.00", "visiting_hours": "Open 24 hours", "safety_tip": "Avoid swimming due to strong currents.", "average_rating": 4.5, "visit_count": 100, "is_featured": false, "image_url": "https://th.bing.com/th/id/OIP.q6kDQLnsaRxi5XPGIrg_-wHaD-?w=261&h=180&c=7&r=0&o=7&dpr=1.3&pid=1.7&rm=3", "favorited_by": [1]}}, {"model": "core.place", "pk": 21, "fields": {"state": 6, "name": "Mahabalipuram", "category": "historical", "description": "A UNESCO World Heritage site with ancient rock-cut temples and sculptures.", "location": "Near Chennai", "latitude": 12.6208, "longitude": 80.1945, "entry_fee": "500.00", "visiting_hours": "6 AM - 6 PM", "safety_tip": "Wear sunscreen as it can get very sunny.", "average_rating": 4.5, "visit_count": 100, "is_featured": false, "image_url": "https://th.bing.com/th/id/OSK.HEROMtRcivR4UZG9df5pGHUZEngp3Zn6G8SP_XrGzecs_Wg?w=312&h=200&c=7&rs=1&o=6&dpr=1.3&pid=SANGAM", "favorited_by": [1]}}, {"model": "core.place", "pk": 22, "fields": {"state": 6, "name": "Ooty Hill Station", "category": "natural", "description": "A scenic hill station in the Nilgiris, known for its tea plantations and cool climate.", "location": "Ooty", "latitude": 11.4102, "longitude": 76.695, "entry_fee": "0.00", "visiting_hours": "Open 24 hours", "safety_tip": "Carry warm clothing for the chilly evenings.", "average_rating": 4.5, "visit_count": 100, "is_featured": false, "image_url": "https://th.bing.com/th/id/OIP.nQRjc0uzpiCmp3HQ2Pt_DQHaGa?w=195&h=180&c=7&r=0&o=7&dpr=1.3&pid=1.7&rm=3", "favorited_by": [3]}}, {"model": "core.place", "pk": 23, "fields": {"state": 1, "name": "Government Museum", "category": "recommended", "description": "Recommended place: Government Museum", "location": "", "latitude": 11.4122967, "longitude": 76.715323, "entry_fee": null, "visiting_hours": "", "safety_tip": "", "average_rating": 0.0, "visit_count": 0, "is_featured": false, "image_url": "https://cdn.getyourguide.com/img/tour/4bc83b4edc13379afb6013be57bdea9777ccaa36420634b4c085ddc930f8784f.jpg/132.webp", "favorited_by": []}}, {"model": "core.place", "pk": 24, "fields": {"state": 1, "name": "Government Botanical Garden", "category": "recommended", "description": "Recommended place: Government Botanical Garden", "location": "", "latitude": 11.4188751, "longitude": 76.7113878, "entry_fee": null, "visiting_hours": "", "safety_tip": "", "average_rating": 0.0, "visit_count": 0, "is_featured": false, "image_url": "https://th.bing.com/th/id/OIP.7jLFJ4SMOdn37yQdAn6T0wHaE5?w=230&h=180&c=7&r=0&o=7&dpr=1.3&pid=1.7&rm=3", "favorited_by": []}}, {"model": "core.place", "pk": 25, "fields": {"state": 1, "name": "Doddabetta Ooty Highest Point", "category": "recommended", "description": "Recommended place: Doddabetta Ooty Highest Point", "location": "", "latitude": 11.4009317, "longitude": 76.735599, "entry_fee": null, "visiting_hours": "", "safety_tip": "", "average_rating": 0.0, "visit_count": 0, "is_featured": false, "image_url": "https://th.bing.com/th/id/OLC.6jA9MfEvyrFVBQ480x360?w=209&h=140&c=8&rs=1&qlt=90&o=6&dpr=1.3&pid=3.1&rm=2", "favorited_by": [1]}}, {"model": "core.place", "pk": 26, "fields": {"state": 1, "name": "Govt. Museum Madurai", "category": "recommended", "description": "Recommended place: Govt. Museum Madurai", "location": "", "latitude": 9.9299384, "longitude": 78.1383858, "entry_fee": null, "visiting_hours": "", "safety_tip": "", "average_rating": 0.0, "visit_count": 0, "is_featured": false, "image_url": "https://th.bing.com/th/id/OIP.vO_6BmTtk5dlPA0AxCVtPgHaE2?w=211&h=180&c=7&r=0&o=7&dpr=1.3&pid=1.7&rm=3", "favorited_by": []}}, {"model": "core.place", "pk": 27, "fields": {"state": 1, "name": "Sterling Ooty - Fern Hill", "category": "recommended", "description": "Recommended place: Sterling Ooty - Fern Hill", "location": "", "latitude": 11.3904175, "longitude": 76.6986064, "entry_fee": null, "visiting_hours": "", "safety_tip": "", "average_rating": 0.0, "visit_count": 0, "is_featured": false, "image_url": "https://th.bing.com/th/id/OIP.pUHUaxntQOo1w304YYspHwHaF7?w=162&h=180&c=7&r=0&o=7&dpr=1.3&pid=1.7&rm=3", "favorited_by": [1]}}, {"model": "core.place", "pk": 28, "fields": {"state": 1, "name": "Kanyakumari Beach", "category": "recommended", "description": "Recommended place: Kanyakumari Beach", "location": "", "latitude": 8.0866137, "longitude": 77.5544412, "entry_fee": null, "visiting_hours": "", "safety_tip": "", "average_rating": 0.0, "visit_count": 0, "is_featured": false, "image_url": "https://th.bing.com/th?id=OLC.B4j%2fMmSBHuCF0w480x360&w=249&h=140&c=8&rs=1&qlt=90&o=6&dpr=1.3&pid=3.1&rm=2", "favorited_by": [1]}}, {"model": "core.place", "pk": 29, "fields": {"state": 6, "name": "Brihadeeswarar Temple", "category": "religious", "description": "A UNESCO World Heritage Chola temple known for its massive gopuram and intricate stone carvings.", "location": "Thanjavur", "latitude": 10.7828, "longitude": 79.1315, "entry_fee": "0.00", "visiting_hours": "6 AM - 12:30 PM, 4 PM - 8:30 PM", "safety_tip": "Dress modestly and respect temple customs.", "average_rating": 4.8, "visit_count": 80, "is_featured": false, "image_url": "https://th.bing.com/th/id/OSK.HEROhjCW50bQYy7t454d2fA3aN4LdDqsCqTJKqkC3VbYoH0?w=312&h=200&c=15&rs=2&o=6&dpr=1.3&pid=SANGAM", "favorited_by": []}}, {"model": "core.place", "pk": 30, "fields": {"state": 6, "name": "Ramanathaswamy Temple", "category": "religious", "description": "A sacred pilgrimage site with 22 holy wells and long ornate corridors, linked to the Ramayana.", "location": "Rameswaram", "latitude": 9.2881, "longitude": 79.3174, "entry_fee": "0.00", "visiting_hours": "5 AM - 1 PM, 3 PM - 9 PM", "safety_tip": "Avoid carrying leather items and follow temple rituals.", "average_rating": 4.7, "visit_count": 85, "is_featured": false, "image_url": "https://th.bing.com/th/id/OIP.Ggnz8raWQXx4oeuK3MpGmwHaFH?w=241&h=180&c=7&r=0&o=7&dpr=1.3&pid=1.7&rm=3", "favorited_by": [1]}}, {"model": "core.place", "pk": 31, "fields": {"state": 6, "name": "Kapaleeshwarar Temple", "category": "religious", "description": "A vibrant Dravidian temple dedicated to Lord Shiva, known for its colorful gopuram and festivals.", "location": "Chennai", "latitude": 13.0334, "longitude": 80.2707, "entry_fee": "0.00", "visiting_hours": "6 AM - 1 PM, 4 PM - 9 PM", "safety_tip": "Avoid visiting during peak festival times for less crowd.", "average_rating": 4.6, "visit_count": 75, "is_featured": false, "image_url": "https://th.bing.com/th/id/OIP.Dm_lz2tIJzNQ-8uIEU7TIwHaDt?w=332&h=175&c=7&r=0&o=7&dpr=1.3&pid=1.7&rm=3", "favorited_by": []}}, {"model": "core.place", "pk": 32, "fields": {"state": 6, "name": "Airavateswara Temple", "category": "historical", "description": "A UNESCO World Heritage Chola temple with exquisite carvings and architectural grandeur.", "location": "Darasuram, Kumbakonam", "latitude": 10.9483, "longitude": 79.3567, "entry_fee": "0.00", "visiting_hours": "6 AM - 12 PM, 4 PM - 8 PM", "safety_tip": "Hire a guide to appreciate the detailed carvings.", "average_rating": 4.7, "visit_count": 60, "is_featured": false, "image_url": "https://tse1.mm.bing.net/th/id/OIP.SG0jFhiFT5gpIJpJ8SMWXQHaE8?rs=1&pid=ImgDetMain&o=7&rm=3", "favorited_by": []}}, {"model": "core.place", "pk": 33, "fields": {"state": 6, "name": "Gingee Fort", "category": "historical", "description": "A formidable hill fort known as the \"Troy of the East,\" offering panoramic views and historical significance.", "location": "Gingee", "latitude": 12.25, "longitude": 79.4167, "entry_fee": "20.00", "visiting_hours": "9 AM - 5 PM", "safety_tip": "Wear comfortable shoes for climbing the fort.", "average_rating": 4.4, "visit_count": 50, "is_featured": false, "image_url": "https://th.bing.com/th/id/OLC.inxFby2XaOtYRQ480x360?w=186&h=140&c=8&rs=1&qlt=90&o=6&dpr=1.3&pid=3.1&rm=2", "favorited_by": [1]}}, {"model": "core.place", "pk": 34, "fields": {"state": 6, "name": "Kodaikanal", "category": "Hill Station", "description": "A serene hill station with lakes, waterfalls, and lush greenery, ideal for relaxation.", "location": "Kodaikanal", "latitude": 10.2381, "longitude": 77.4892, "entry_fee": "0.00", "visiting_hours": "Open 24 hours", "safety_tip": "Carry warm clothing for cool evenings.", "average_rating": 4.5, "visit_count": 70, "is_featured": false, "image_url": "https://th.bing.com/th/id/OSK.HEROHAKGiSimWRo9YODWmWMljwNyhlhKzYxa2BY9n0XIwRY?w=312&h=200&c=15&rs=2&o=6&dpr=1.3&pid=SANGAM", "favorited_by": []}}, {"model": "core.place", "pk": 35, "fields": {"state": 6, "name": "Yercaud", "category": "Hill Station", "description": "A tranquil hill station in the Eastern Ghats, known for coffee plantations and serene lakes.", "location": "Salem", "latitude": 11.7753, "longitude": 78.2095, "entry_fee": "0.00", "visiting_hours": "Open 24 hours", "safety_tip": "Use insect repellent for outdoor activities.", "average_rating": 4.3, "visit_count": 55, "is_featured": false, "image_url": "https://th.bing.com/th/id/OIP.81CMrHorvNgCcFEoYulUrAHaE7?w=230&h=180&c=7&r=0&o=7&dpr=1.3&pid=1.7&rm=3", "favorited_by": []}}, {"model": "core.place", "pk": 36, "fields": {"state": 6, "name": "Dhanushkodi Beach", "category": "natural", "description": "A pristine beach at a ghost town, located at the confluence of the Bay of Bengal and Indian Ocean.", "location": "Rameswaram", "latitude": 9.1784, "longitude": 79.4153, "entry_fee": "0.00", "visiting_hours": "6 AM - 5 PM", "safety_tip": "Avoid visiting after sunset due to limited facilities.", "average_rating": 4.5, "visit_count": 60, "is_featured": false, "image_url": "https://www.bing.com/th/id/OIP.C0DDyjs9UIY7i14-wJYE4gHaER?w=180&h=185&c=8&rs=1&qlt=90&o=6&dpr=1.3&pid=3.1&rm=2", "favorited_by": []}}, {"model": "core.place", "pk": 37, "fields": {"state": 6, "name": "Mudumalai National Park", "category": "Wildlife", "description": "A biodiversity-rich national park in the Nilgiris, home to tigers, elephants, and diverse flora.", "location": "Nilgiris", "latitude": 11.57, "longitude": 76.55, "entry_fee": "30.00", "visiting_hours": "6 AM - 6 PM", "safety_tip": "Follow safari guidelines and avoid feeding wildlife.", "average_rating": 4.4, "visit_count": 65, "is_featured": false, "image_url": "https://th.bing.com/th/id/OIP.XT1vJsnDofcSOaPDBvp9RQHaDv?w=316&h=177&c=7&r=0&o=7&dpr=1.3&pid=1.7&rm=3", "favorited_by": []}}, {"model": "core.place", "pk": 38, "fields": {"state": 6, "name": "Chettinad Mansions", "category": "Cultural", "description": "Historic mansions showcasing Chettiar architecture, known for their intricate designs and heritage.", "location": "Karaikudi", "latitude": 10.07, "longitude": 78.78, "entry_fee": "100.00", "visiting_hours": "9 AM - 5 PM", "safety_tip": "Respect private property and seek permission for photography.", "average_rating": 4.3, "visit_count": 50, "is_featured": false, "image_url": "https://th.bing.com/th/id/OIP.EOxWnWZaMnB1G7BBKSjHEAHaE8?w=275&h=183&c=7&r=0&o=7&dpr=1.3&pid=1.7&rm=3", "favorited_by": [1]}}, {"model": "core.place", "pk": 39, "fields": {"state": 1, "name": "Pamban Bridge", "category": "recommended", "description": "Recommended place: Pamban Bridge", "location": "", "latitude": 9.282935499999999, "longitude": 79.19553239999999, "entry_fee": null, "visiting_hours": "", "safety_tip": "", "average_rating": 0.0, "visit_count": 0, "is_featured": false, "image_url": "https://th.bing.com/th/id/OIP.WYnIBshJrd_AYENu60wKTgHaEo?w=275&h=180&c=7&r=0&o=7&dpr=1.3&pid=1.7&rm=3", "favorited_by": []}}, {"model": "core.place", "pk": 40, "fields": {"state": 5, "name": "Bhadrachalam Temple", "category": "religious", "description": "A revered temple on the Godavari River dedicated to Lord Rama, known for its vibrant festivals.", "location": "Bhadrachalam", "latitude": 17.6688, "longitude": 80.8937, "entry_fee": "0.00", "visiting_hours": "4:30 AM - 12 PM, 3 PM - 8:30 PM", "safety_tip": "Dress modestly and avoid visiting during peak festival times.", "average_rating": 4.7, "visit_count": 90, "is_featured": false, "image_url": "https://th.bing.com/th/id/OIP.e7HNodOrqbTyrbxSqmZ-lgHaFY?w=259&h=187&c=7&r=0&o=7&dpr=1.3&pid=1.7&rm=3", "favorited_by": [1]}}, {"model": "core.place", "pk": 41, "fields": {"state": 5, "name": "Yadagirigutta Temple", "category": "religious", "description": "A major pilgrimage site dedicated to Lord Narasimha, set on a hill with stunning architecture.", "location": "Yadagirigutta", "latitude": 17.5841, "longitude": 78.9438, "entry_fee": "0.00", "visiting_hours": "4 AM - 10 PM", "safety_tip": "Watch for slippery steps during monsoon season.", "average_rating": 4.6, "visit_count": 85, "is_featured": false, "image_url": "https://i.pinimg.com/736x/c8/f9/40/c8f9405b6e5b1d522a1b43bcc0a3c648.jpg", "favorited_by": [1]}}, {"model": "core.place", "pk": 42, "fields": {"state": 5, "name": "Thousand Pillar Temple", "category": "historical", "description": "A 12th-century Kakatiya temple in Hanamkonda, famous for its intricate carvings and pillars.", "location": "Hanamkonda", "latitude": 18.0057, "longitude": 79.5741, "entry_fee": "0.00", "visiting_hours": "6 AM - 8 PM", "safety_tip": "Hire a guide to learn about the temple’s historical details.", "average_rating": 4.8, "visit_count": 70, "is_featured": false, "image_url": "https://i.pinimg.com/736x/18/44/88/184488289abc048b014dae5300e86865.jpg", "favorited_by": [1]}}, {"model": "core.place", "pk": 43, "fields": {"state": 5, "name": "Bhongir Fort", "category": "historical", "description": "A unique egg-shaped hill fort from the 10th century, offering panoramic views and adventure.", "location": "Bhongir", "latitude": 17.5108, "longitude": 78.8889, "entry_fee": "10.00", "visiting_hours": "10 AM - 5 PM", "safety_tip": "Wear comfortable shoes for the steep climb.", "average_rating": 4.4, "visit_count": 60, "is_featured": false, "image_url": "https://www.gosahin.com/go/p/e/1528632119_Bhongir-Fort1.jpg", "favorited_by": []}}, {"model": "core.place", "pk": 44, "fields": {"state": 5, "name": "Kuntala Waterfall", "category": "natural", "description": "Telangana’s highest waterfall, surrounded by dense forests, ideal for nature lovers and picnics.", "location": "Adilabad", "latitude": 19.3833, "longitude": 78.4667, "entry_fee": "20.00", "visiting_hours": "8 AM - 5 PM", "safety_tip": "Avoid swimming in deep areas due to strong currents.", "average_rating": 4.5, "visit_count": 65, "is_featured": false, "image_url": "https://imgstaticcontent.lbb.in/lbbnew/wp-content/uploads/2018/05/24143309/Kuntala.png", "favorited_by": []}}, {"model": "core.place", "pk": 45, "fields": {"state": 5, "name": "Pakhal Lake", "category": "natural", "description": "A serene man-made lake amidst forests, perfect for boating and peaceful retreats.", "location": "Warangal", "latitude": 17.9486, "longitude": 79.8425, "entry_fee": "30.00", "visiting_hours": "9 AM - 6 PM", "safety_tip": "Use authorized boats for safe boating experiences.", "average_rating": 4.3, "visit_count": 55, "is_featured": false, "image_url": "https://dynamic-media-cdn.tripadvisor.com/media/photo-o/15/c0/b6/17/the-panaroma-ciew.jpg?w=900&h=500&s=1", "favorited_by": [1]}}, {"model": "core.place", "pk": 46, "fields": {"state": 5, "name": "Ramoji Film City", "category": "cultural", "description": "The world’s largest film studio, offering tours, live shows, and a glimpse into Indian cinema.", "location": "Hyderabad", "latitude": 17.2568, "longitude": 78.6814, "entry_fee": "1350.00", "visiting_hours": "9 AM - 5:30 PM", "safety_tip": "Book tickets online to avoid long queues.", "average_rating": 4.6, "visit_count": 100, "is_featured": false, "image_url": "https://www.travelure.in/wp-content/uploads/2022/03/Ramoji-Film-City-40.jpg", "favorited_by": [1]}}, {"model": "core.place", "pk": 47, "fields": {"state": 5, "name": "Kala Ashram", "category": "cultural", "description": "A cultural center in Adilabad promoting traditional arts, crafts, and tribal performances.", "location": "Adilabad", "latitude": 19.676, "longitude": 78.529, "entry_fee": "50.00", "visiting_hours": "10 AM - 6 PM", "safety_tip": "Respect ongoing workshops and seek permission for photography.", "average_rating": 4.2, "visit_count": 50, "is_featured": false, "image_url": "https://www.telanganafirst.in/wp-content/uploads/2018/04/GurujiTELAN30apr2018.jpg", "favorited_by": []}}, {"model": "core.place", "pk": 48, "fields": {"state": 5, "name": "Kawal Wildlife Sanctuary", "category": "Wildlife", "description": "A tiger reserve with rich biodiversity, home to tigers, leopards, and diverse bird species.", "location": "Adilabad", "latitude": 19.1667, "longitude": 78.6667, "entry_fee": "50.00", "visiting_hours": "6 AM - 6 PM", "safety_tip": "Follow safari guidelines and avoid disturbing wildlife.", "average_rating": 4.4, "visit_count": 60, "is_featured": false, "image_url": "https://uniquelytelangana.in/wp-content/uploads/2023/11/thehindu-768x531.jpg", "favorited_by": [1]}}, {"model": "core.place", "pk": 49, "fields": {"state": 5, "name": "Pocharam Wildlife Sanctuary", "category": "Wildlife", "description": "A scenic sanctuary near Medak with deer, birds, and a tranquil lake, ideal for nature walks.", "location": "Medak", "latitude": 18.135, "longitude": 78.355, "entry_fee": "30.00", "visiting_hours": "8 AM - 5 PM", "safety_tip": "Carry binoculars for birdwatching and stay on designated paths.", "average_rating": 4.3, "visit_count": 55, "is_featured": false, "image_url": "https://i.pinimg.com/736x/2b/5a/5e/2b5a5eed48e0608855551cfdf6fa69c2.jpg", "favorited_by": [1]}}, {"model": "core.place", "pk": 50, "fields": {"state": 5, "name": "Medak Cathedral", "category": "historical", "description": "A grand Gothic-style church, one of the largest in Asia, known for its stained glass windows.", "location": "Medak", "latitude": 18.0459, "longitude": 78.2639, "entry_fee": "0.00", "visiting_hours": "9 AM - 5 PM", "safety_tip": "Maintain silence and respect religious services.", "average_rating": 4.5, "visit_count": 70, "is_featured": false, "image_url": "https://i.pinimg.com/736x/f2/6c/76/f26c76ecdde69b19d480f0fb386b5a85.jpg", "favorited_by": []}}, {"model": "core.place", "pk": 51, "fields": {"state": 5, "name": "Ananthagiri Hills", "category": "natural", "description": "A scenic hill station near Hyderabad, known for trekking, coffee plantations, and lush greenery.", "location": "Vikarabad", "latitude": 17.2833, "longitude": 77.8167, "entry_fee": "0.00", "visiting_hours": "Open 24 hours", "safety_tip": "Hire a local guide for safe trekking routes.", "average_rating": 4.4, "visit_count": 60, "is_featured": false, "image_url": "https://i.pinimg.com/736x/c5/30/23/c53023724e7e256e35ea29228d2dc52b.jpg", "favorited_by": []}}, {"model": "core.place", "pk": 52, "fields": {"state": 5, "name": "Sammakka Saralamma Jatara", "category": "cultural", "description": "A major tribal festival in Medaram, one of the largest in India, celebrating tribal deities.", "location": "Medaram", "latitude": 18.3833, "longitude": 80.0167, "entry_fee": "0.00", "visiting_hours": "Festival-specific, check schedule", "safety_tip": "Plan for large crowds during the biennial festival.", "average_rating": 4.6, "visit_count": 80, "is_featured": false, "image_url": "https://warangaltourism.in/images/places-to-visit-warangal/headers/sammakka-saralamma-temple-warangal-tourism-entry-fee-timings-holidays-reviews-header.jpg", "favorited_by": [1]}}, {"model": "core.place", "pk": 53, "fields": {"state": 5, "name": "Ramappa Temple", "category": "historical", "description": "A UNESCO World Heritage Kakatiya temple known for its floating bricks and intricate sculptures.", "location": "Mulugu", "latitude": 18.2593, "longitude": 79.9402, "entry_fee": "25.00", "visiting_hours": "6 AM - 6 PM", "safety_tip": "Protect against sun exposure during daytime visits.", "average_rating": 4.8, "visit_count": 75, "is_featured": false, "image_url": "https://i.pinimg.com/736x/f5/a7/a2/f5a7a26d3dadc7dd689365f83593dfbf.jpg", "favorited_by": [1]}}, {"model": "core.place", "pk": 54, "fields": {"state": 5, "name": "Laknavaram Lake", "category": "natural", "description": "A picturesque lake with a suspension bridge and islands, ideal for boating and camping.", "location": "Mulugu", "latitude": 18.3167, "longitude": 80.1167, "entry_fee": "20.00", "visiting_hours": "9 AM - 6 PM", "safety_tip": "Ensure life jackets are worn during boating.", "average_rating": 4.5, "visit_count": 65, "is_featured": false, "image_url": "https://i.pinimg.com/736x/1b/c0/bc/1bc0bcab779d6b36fd692683c281aa4b.jpg", "favorited_by": [1]}}, {"model": "core.place", "pk": 55, "fields": {"state": 2, "name": "Badami Cave Temples", "category": "historical", "description": "A complex of rock-cut temples from the 6th century, showcasing Chalukya architecture.", "location": "Badami", "latitude": 15.9187, "longitude": 75.685, "entry_fee": "30.00", "visiting_hours": "9 AM - 5:30 PM", "safety_tip": "Wear comfortable shoes for exploring the caves.", "average_rating": 4.7, "visit_count": 70, "is_featured": false, "image_url": "https://media.istockphoto.com/id/1742429799/photo/entrance-to-the-ancient-rock-cut-caves-of-badami-karnataka-india.jpg?s=612x612&w=0&k=20&c=Vi9quFLEXAD8EfBM8ICOBWxyI2lwM4EyH0jq4JZqeIQ=", "favorited_by": [1]}}, {"model": "core.place", "pk": 56, "fields": {"state": 2, "name": "Sringeri Sharada Peetham", "category": "religious", "description": "A historic Advaita Vedanta monastery founded by Adi Shankaracharya, set by the Tunga River.", "location": "Sringeri", "latitude": 13.4167, "longitude": 75.252, "entry_fee": "0.00", "visiting_hours": "6 AM - 2 PM, 4 PM - 9 PM", "safety_tip": "Dress modestly and respect temple rituals.", "average_rating": 4.8, "visit_count": 85, "is_featured": false, "image_url": "https://upload.wikimedia.org/wikipedia/commons/thumb/2/2a/Vidyashankara_Temple_at_Shringeri.jpg/1200px-Vidyashankara_Temple_at_Shringeri.jpg", "favorited_by": []}}, {"model": "core.place", "pk": 57, "fields": {"state": 2, "name": "Jog Falls", "category": "natural", "description": "India’s second-highest waterfall, offering spectacular views amidst lush greenery.", "location": "Shimoga", "latitude": 14.2293, "longitude": 74.8124, "entry_fee": "20.00", "visiting_hours": "7:30 AM - 6 PM", "safety_tip": "Avoid getting too close to the edge of viewpoints.", "average_rating": 4.6, "visit_count": 80, "is_featured": false, "image_url": "https://i.pinimg.com/736x/e8/98/ea/e898ead86d41657c56e9a8bfce3938f0.jpg", "favorited_by": [1]}}, {"model": "core.place", "pk": 58, "fields": {"state": 2, "name": "Belur Halebidu Temples", "category": "historical", "description": "Hoysala-era temples known for their intricate stone carvings and architectural brilliance.", "location": "Hassan", "latitude": 13.1625, "longitude": 75.86, "entry_fee": "0.00", "visiting_hours": "7 AM - 6 PM", "safety_tip": "Hire a guide to understand the detailed carvings.", "average_rating": 4.8, "visit_count": 75, "is_featured": false, "image_url": "https://www.karnatakatravel.com/wp-content/uploads/2019/11/belur_halebidu.jpg", "favorited_by": []}}, {"model": "core.place", "pk": 59, "fields": {"state": 2, "name": "Chikmagalur", "category": "Hill Station", "description": "A serene hill station known for coffee plantations, trekking, and Mullayanagiri peak.", "location": "Chikmagalur", "latitude": 13.3167, "longitude": 75.7833, "entry_fee": "0.00", "visiting_hours": "Open 24 hours", "safety_tip": "Carry warm clothing for early morning treks.", "average_rating": 4.5, "visit_count": 65, "is_featured": false, "image_url": "https://shanthikunnj.com/assets/img/news/discover-mullayanagiri-peak-chikmagalurs-highest-point.jpg", "favorited_by": []}}, {"model": "core.place", "pk": 60, "fields": {"state": 2, "name": "Dandeli Wildlife Sanctuary", "category": "Wildlife", "description": "A biodiversity hotspot offering jungle safaris, river rafting, and sightings of hornbills and leopards.", "location": "Dandeli", "latitude": 15.2667, "longitude": 74.6167, "entry_fee": "50.00", "visiting_hours": "6 AM - 6 PM", "safety_tip": "Follow guide instructions during safaris and rafting.", "average_rating": 4.4, "visit_count": 60, "is_featured": false, "image_url": "https://i0.wp.com/kaziranganationalparkassam.in/wp-content/uploads/2021/07/IMG-20210711-WA0007.jpg?ssl=1", "favorited_by": []}}, {"model": "core.place", "pk": 61, "fields": {"state": 2, "name": "Udupi Sri Krishna Temple", "category": "religious", "description": "A famous temple known for its unique idol of Lord Krishna and vibrant festivals.", "location": "Udupi", "latitude": 13.3388, "longitude": 74.7461, "entry_fee": "0.00", "visiting_hours": "4 AM - 9 PM", "safety_tip": "Avoid peak hours for a peaceful visit.", "average_rating": 4.7, "visit_count": 90, "is_featured": false, "image_url": "https://i.pinimg.com/736x/63/14/27/6314278b2bde772977e7ef0f07656399.jpg", "favorited_by": []}}, {"model": "core.place", "pk": 62, "fields": {"state": 2, "name": "Gokarna Beach", "category": "natural", "description": "A pristine beach known for its serene vibe, pilgrimage sites, and water activities.", "location": "Gokarna", "latitude": 14.55, "longitude": 74.3167, "entry_fee": "0.00", "visiting_hours": "Open 24 hours", "safety_tip": "Avoid swimming during high tides.", "average_rating": 4.5, "visit_count": 70, "is_featured": false, "image_url": "https://media.istockphoto.com/id/1181378413/photo/sunset-at-gokarna-beach-karnataka-india.jpg?s=612x612&w=0&k=20&c=kL7aR5ohESZraQzHP8ZUzNW9SarefWYVigf_vrCai0I=", "favorited_by": [1]}}, {"model": "core.place", "pk": 63, "fields": {"state": 2, "name": "Bannerghatta National Park", "category": "Wildlife", "description": "A popular park near Bangalore with a zoo, safari, and butterfly park.", "location": "Bangalore", "latitude": 12.8, "longitude": 77.5833, "entry_fee": "80.00", "visiting_hours": "9:30 AM - 5 PM", "safety_tip": "Stay inside vehicles during the safari.", "average_rating": 4.3, "visit_count": 100, "is_featured": false, "image_url": "https://www.bangaloreanx.com/wp-content/uploads/2025/03/Untitled-design-5.jpg", "favorited_by": [1]}}, {"model": "core.place", "pk": 64, "fields": {"state": 2, "name": "Nandi Hills", "category": "natural", "description": "A popular hill fortress near Bangalore, famous for sunrise views and paragliding.", "location": "Chikkaballapur", "latitude": 13.37, "longitude": 77.6833, "entry_fee": "30.00", "visiting_hours": "6 AM - 10 PM", "safety_tip": "Arrive early to avoid crowds at sunrise.", "average_rating": 4.4, "visit_count": 85, "is_featured": false, "image_url": "https://i.pinimg.com/736x/79/19/0d/79190de81fdd68ebb265d47e5f437c44.jpg", "favorited_by": []}}, {"model": "core.place", "pk": 65, "fields": {"state": 2, "name": "Shravanabelagola", "category": "religious", "description": "A Jain pilgrimage site with the colossal Gommateshwara Bahubali statue atop a hill.", "location": "Hassan", "latitude": 12.854, "longitude": 76.4849, "entry_fee": "0.00", "visiting_hours": "6:30 AM - 6 PM", "safety_tip": "Climb the 600+ steps carefully, preferably early morning.", "average_rating": 4.7, "visit_count": 80, "is_featured": false, "image_url": "https://media.istockphoto.com/id/586356630/photo/the-statue-of-gomateswara-bahubali.jpg?s=612x612&w=0&k=20&c=39I6T9ObHxUDEq6wW9XNEEJLNJ4rM2eEsEECu-CISnI=", "favorited_by": []}}, {"model": "core.place", "pk": 66, "fields": {"state": 2, "name": "Vidhana Soudha", "category": "cultural", "description": "The majestic seat of Karnataka’s state legislature, known for its neo-Dravidian architecture.", "location": "Bangalore", "latitude": 12.9795, "longitude": 77.5916, "entry_fee": "0.00", "visiting_hours": "9 AM - 5 PM (public access limited)", "safety_tip": "Carry ID for entry and avoid restricted areas.", "average_rating": 4.5, "visit_count": 90, "is_featured": false, "image_url": "https://i.pinimg.com/736x/67/91/70/679170e29c303ce2326ae5e613074825.jpg", "favorited_by": []}}, {"model": "core.place", "pk": 67, "fields": {"state": 2, "name": "Murudeshwar Temple", "category": "religious", "description": "A coastal temple with a towering Shiva statue and a 20-story gopuram, offering sea views.", "location": "Murudeshwar", "latitude": 14.0943, "longitude": 74.4845, "entry_fee": "0.00", "visiting_hours": "6 AM - 8 PM", "safety_tip": "Be cautious on the gopuram stairs during windy conditions.", "average_rating": 4.6, "visit_count": 75, "is_featured": false, "image_url": "https://media.istockphoto.com/id/1268998403/photo/murdeshwar-temple-early-morning-view-from-low-angle-image.jpg?s=612x612&w=0&k=20&c=2GiW8vZM8iLnTDGhffunntYfh4zhYw8SY656-124CT0=", "favorited_by": []}}, {"model": "core.place", "pk": 68, "fields": {"state": 2, "name": "Aihole", "category": "historical", "description": "An ancient site with over 100 Chalukya temples, known as the cradle of Indian temple architecture.", "location": "Bagalkot", "latitude": 16.02, "longitude": 75.8833, "entry_fee": "25.00", "visiting_hours": "6 AM - 6 PM", "safety_tip": "Carry water as the site is expansive and sunny.", "average_rating": 4.6, "visit_count": 60, "is_featured": false, "image_url": null, "favorited_by": []}}, {"model": "core.place", "pk": 69, "fields": {"state": 2, "name": "Kudremukh National Park", "category": "Wildlife", "description": "A UNESCO World Heritage biodiversity hotspot with trekking trails and scenic peaks.", "location": "Chikmagalur", "latitude": 13.2333, "longitude": 75.1667, "entry_fee": "200.00", "visiting_hours": "7 AM - 5 PM", "safety_tip": "Obtain permits in advance for trekking.", "average_rating": 4.5, "visit_count": 55, "is_featured": false, "image_url": "https://i.pinimg.com/736x/48/df/5d/48df5d7339db9fcb254872b23f82206a.jpg", "favorited_by": []}}, {"model": "core.place", "pk": 70, "fields": {"state": 2, "name": "Pattadakal", "category": "historical", "description": "A UNESCO World Heritage site with 8th-century Chalukya temples, known for their architectural diversity.", "location": "Bagalkot", "latitude": 15.948, "longitude": 75.816, "entry_fee": "40.00", "visiting_hours": "6 AM - 6 PM", "safety_tip": "Protect against sun exposure during daytime visits.", "average_rating": 4.7, "visit_count": 65, "is_featured": false, "image_url": "https://upload.wikimedia.org/wikipedia/commons/0/03/Pattadakal_000.JPG", "favorited_by": []}}, {"model": "core.place", "pk": 71, "fields": {"state": 2, "name": "Dharmasthala Manjunatha Temple", "category": "religious", "description": "A major pilgrimage site dedicated to Lord Shiva, known for its inclusive ethos and free meals.", "location": "Dharmasthala", "latitude": 12.8928, "longitude": 75.3789, "entry_fee": "0.00", "visiting_hours": "6:30 AM - 8:30 PM", "safety_tip": "Follow queue systems during peak pilgrimage seasons.", "average_rating": 4.8, "visit_count": 95, "is_featured": false, "image_url": "https://encrypted-tbn0.gstatic.com/images?q=tbn:ANd9GcTLZ_YyfwANTksrWSICRlYoP4wILx5mMbcr0A&s", "favorited_by": []}}, {"model": "core.place", "pk": 72, "fields": {"state": 2, "name": "Agumbe Rainforest", "category": "natural", "description": "A biodiversity-rich rainforest, known as the ‘Cherrapunji of the South,’ ideal for trekking and sunset views.", "location": "Shimoga", "latitude": 13.5033, "longitude": 75.0917, "entry_fee": "0.00", "visiting_hours": "Open 24 hours", "safety_tip": "Hire a local guide for safe trekking in the rainforest.", "average_rating": 4.5, "visit_count": 60, "is_featured": false, "image_url": "https://assets.zeezest.com/blogs/PROD_Agumbe,%20Karnataka%20Top%20Places%20to%20Visit,%20Things%20to%20Do,%20and%20Best%20Time%20for%20a%20Rainforest%20Trip%20(1)_1722003600967_thumb_1200.jpeg", "favorited_by": []}}, {"model": "core.place", "pk": 73, "fields": {"state": 2, "name": "Bijapur Gol Gumbaz", "category": "historical", "description": "A 17th-century mausoleum with one of the world’s largest domes and a whispering gallery.", "location": "Bijapur", "latitude": 16.8302, "longitude": 75.735, "entry_fee": "25.00", "visiting_hours": "10 AM - 5 PM", "safety_tip": "Be cautious on the narrow stairs to the whispering gallery.", "average_rating": 4.6, "visit_count": 70, "is_featured": false, "image_url": "https://i.pinimg.com/736x/03/94/b3/0394b3df68b062b971155f99ac37aeb4.jpg", "favorited_by": []}}, {"model": "core.place", "pk": 74, "fields": {"state": 2, "name": "Kabini Wildlife Sanctuary", "category": "Wildlife", "description": "A premier wildlife destination with elephant safaris, tiger sightings, and serene river views.", "location": "Nagarhole", "latitude": 11.9833, "longitude": 76.2833, "entry_fee": "300.00", "visiting_hours": "6 AM - 6 PM", "safety_tip": "Book safaris in advance and follow guide instructions.", "average_rating": 4.7, "visit_count": 80, "is_featured": false, "image_url": "https://encrypted-tbn0.gstatic.com/images?q=tbn:ANd9GcSN2jGOxniomMSnK4z41ROKYrqwNekL-yxnVQ&s", "favorited_by": []}}, {"model": "core.place", "pk": 75, "fields": {"state": 2, "name": "Kollur Mookambika Temple", "category": "religious", "description": "A sacred temple in the Western Ghats dedicated to Goddess Mookambika, known for its spiritual ambiance.", "location": "Kollur", "latitude": 13.8633, "longitude": 74.8144, "entry_fee": "0.00", "visiting_hours": "5 AM - 9 PM", "safety_tip": "Respect temple customs and avoid photography inside.", "average_rating": 4.7, "visit_count": 85, "is_featured": false, "image_url": "https://media.istockphoto.com/id/2155978659/photo/thousand-pillars-jain-temple-ancient-temple-located-in-moodbidri-and-visited-by-devotees-and.jpg", "favorited_by": []}}, {"model": "core.place", "pk": 76, "fields": {"state": 2, "name": "Karwar Beach", "category": "natural", "description": "A tranquil beach along the Arabian Sea, known for water sports and scenic beauty.", "location": "Karwar", "latitude": 14.8183, "longitude": 74.1297, "entry_fee": "0.00", "visiting_hours": "Open 24 hours", "safety_tip": "Check tide schedules before engaging in water activities.", "average_rating": 4.4, "visit_count": 65, "is_featured": false, "image_url": "https://i.pinimg.com/736x/c2/42/36/c2423675dec048f7d1a5fe655337198a.jpg", "favorited_by": []}}, {"model": "core.place", "pk": 77, "fields": {"state": 2, "name": "Lalbagh Botanical Garden", "category": "cultural", "description": "A historic garden in Bangalore with rare plants, a glasshouse, and vibrant flower shows.", "location": "Bangalore", "latitude": 12.9507, "longitude": 77.5848, "entry_fee": "20.00", "visiting_hours": "6 AM - 7 PM", "safety_tip": "Avoid visiting during peak flower show crowds.", "average_rating": 4.5, "visit_count": 95, "is_featured": false, "image_url": "https://media.istockphoto.com/id/1382865466/photo/bangalore-or-bengaluru.jpg?s=612x612&w=0&k=20&c=4Vm2X10GG8fmNSUnKiUepxs7spvExtrFY7lLYKGHjEs=", "favorited_by": [1]}}, {"model": "core.place", "pk": 78, "fields": {"state": 2, "name": "Sakleshpur", "category": "Hill Station", "description": "A picturesque hill station with coffee estates, trekking trails, and historic Manjarabad Fort.", "location": "Hassan", "latitude": 12.9417, "longitude": 75.7833, "entry_fee": "0.00", "visiting_hours": "Open 24 hours", "safety_tip": "Carry insect repellent for outdoor activities.", "average_rating": 4.4, "visit_count": 60, "is_featured": false, "image_url": "https://media1.thrillophilia.com/filestore/4n4bisg1bhdalayj9iw6sotm370j_1607434010_shutterstock_1602889177.jpg?w=400&dpr=2", "favorited_by": [1]}}, {"model": "core.place", "pk": 79, "fields": {"state": 2, "name": "Bandipur National Park", "category": "Wildlife", "description": "A renowned tiger reserve with rich biodiversity, offering safaris and scenic drives.", "location": "Chamarajanagar", "latitude": 11.667, "longitude": 76.633, "entry_fee": "250.00", "visiting_hours": "6 AM - 6 PM", "safety_tip": "Stay inside vehicles and avoid loud noises during safaris.", "average_rating": 4.6, "visit_count": 75, "is_featured": false, "image_url": "https://dwq3yv87q1b43.cloudfront.net/public/blogs/fit-in/1200x675/Blog_20250129-1838355028-1738150232.jpg", "favorited_by": []}}, {"model": "core.place", "pk": 80, "fields": {"state": 4, "name": "Srisailam Temple", "category": "religious", "description": "A sacred Jyotirlinga temple dedicated to Lord Shiva, nestled in the Nallamala Hills.", "location": "Srisailam", "latitude": 16.076, "longitude": 78.87, "entry_fee": "0.00", "visiting_hours": "6 AM - 2 PM, 3 PM - 10 PM", "safety_tip": "Follow temple dress codes and avoid peak pilgrimage times.", "average_rating": 4.7, "visit_count": 85, "is_featured": false, "image_url": "https://i.pinimg.com/736x/45/ee/83/45ee83cc1cdce419e5e8ad3f34451484.jpg", "favorited_by": []}}, {"model": "core.place", "pk": 81, "fields": {"state": 4, "name": "Visakhapatnam Beach", "category": "natural", "description": "A scenic coastline with popular beaches like RK Beach, ideal for strolls and water sports.", "location": "Visakhapatnam", "latitude": 17.6868, "longitude": 83.2185, "entry_fee": "0.00", "visiting_hours": "Open 24 hours", "safety_tip": "Avoid swimming in deep waters due to strong currents.", "average_rating": 4.5, "visit_count": 90, "is_featured": false, "image_url": "https://i.pinimg.com/736x/c2/39/9c/c2399c7c5d5f581fe7d974936c8b9b85.jpg", "favorited_by": [1]}}, {"model": "core.place", "pk": 82, "fields": {"state": 4, "name": "Amaravati Stupa", "category": "historical", "description": "An ancient Buddhist site with a massive stupa, reflecting the region’s rich Buddhist heritage.", "location": "Amaravati", "latitude": 16.575, "longitude": 80.355, "entry_fee": "10.00", "visiting_hours": "8 AM - 6 PM", "safety_tip": "Wear sunscreen and hats during sunny hours.", "average_rating": 4.6, "visit_count": 70, "is_featured": false, "image_url": "https://i.pinimg.com/736x/d7/e7/af/d7e7af61b15bd5b170bb5122ab459fc9.jpg", "favorited_by": [1]}}, {"model": "core.place", "pk": 83, "fields": {"state": 4, "name": "Lambasingi", "category": "Hill Station", "description": "Known as the \"Kashmir of Andhra,\" this hill station offers cool weather and scenic views.", "location": "Visakhapatnam", "latitude": 18.169, "longitude": 82.656, "entry_fee": "0.00", "visiting_hours": "Open 24 hours", "safety_tip": "Carry warm clothing for chilly evenings.", "average_rating": 4.4, "visit_count": 60, "is_featured": false, "image_url": "https://i.pinimg.com/736x/67/5b/38/675b381e0675a56052f1d04f1a94546e.jpg", "favorited_by": []}}, {"model": "core.place", "pk": 84, "fields": {"state": 4, "name": "Ahobilam Temple", "category": "religious", "description": "A group of nine temples dedicated to Lord Narasimha, located in the Nallamala Forest.", "location": "Ahobilam", "latitude": 15.125, "longitude": 78.7167, "entry_fee": "0.00", "visiting_hours": "6 AM - 1 PM, 3 PM - 8 PM", "safety_tip": "Hire a local guide for safe trekking to the temples.", "average_rating": 4.7, "visit_count": 75, "is_featured": false, "image_url": "https://i.pinimg.com/736x/58/86/1f/58861f13a28d27a311f637f954fb8b21.jpg", "favorited_by": []}}, {"model": "core.place", "pk": 85, "fields": {"state": 4, "name": "Kailasagiri Hill", "category": "natural", "description": "A scenic hill park in Visakhapatnam with panoramic views, a toy train, and Shiva-Parvati statues.", "location": "Visakhapatnam", "latitude": 17.751, "longitude": 83.341, "entry_fee": "0.00", "visiting_hours": "6 AM - 7:30 PM", "safety_tip": "Stay on designated paths to avoid steep drops.", "average_rating": 4.5, "visit_count": 85, "is_featured": false, "image_url": "https://i.pinimg.com/736x/b7/6a/a4/b76aa4230c18e9b5e3ace8264c78cd64.jpg", "favorited_by": []}}, {"model": "core.place", "pk": 86, "fields": {"state": 4, "name": "Guntur Fort", "category": "historical", "description": "A 19th-century fort with historical significance, offering insights into the region’s past.", "location": "Guntur", "latitude": 16.3067, "longitude": 80.4367, "entry_fee": "5.00", "visiting_hours": "9 AM - 5 PM", "safety_tip": "Be cautious of uneven surfaces while exploring.", "average_rating": 4.3, "visit_count": 55, "is_featured": false, "image_url": "https://media.istockphoto.com/id/1488619041/photo/kondaveedu-fort.jpg?s=612x612&w=0&k=20&c=IfJr9T8rNintCsssTPWqQCHkIhUNFUUcwtdcZfPwxEo=", "favorited_by": []}}, {"model": "core.place", "pk": 87, "fields": {"state": 4, "name": "Konaseema", "category": "natural", "description": "A picturesque delta region with lush greenery, rivers, and backwaters, often called the \"God’s Own Creation.\"", "location": "East Godavari", "latitude": 16.7333, "longitude": 81.9167, "entry_fee": "0.00", "visiting_hours": "Open 24 hours", "safety_tip": "Use authorized boat operators for safety.", "average_rating": 4.6, "visit_count": 70, "is_featured": false, "image_url": "https://i.pinimg.com/736x/59/1b/d1/591bd16f56746c8e2ada6ecd6c174209.jpg", "favorited_by": []}}, {"model": "core.place", "pk": 88, "fields": {"state": 4, "name": "Simhachalam Temple", "category": "religious", "description": "A hilltop temple dedicated to Lord Varaha Narasimha, known for its ancient architecture.", "location": "Visakhapatnam", "latitude": 17.776, "longitude": 83.239, "entry_fee": "0.00", "visiting_hours": "7 AM - 4 PM, 6 PM - 9 PM", "safety_tip": "Climb the steps cautiously, especially during rains.", "average_rating": 4.7, "visit_count": 80, "is_featured": false, "image_url": null, "favorited_by": []}}, {"model": "core.place", "pk": 89, "fields": {"state": 4, "name": "Kondapalli Fort", "category": "historical", "description": "A 14th-century fort known for its scenic location and historical importance.", "location": "Kondapalli", "latitude": 16.6167, "longitude": 80.5333, "entry_fee": "10.00", "visiting_hours": "8 AM - 5 PM", "safety_tip": "Wear sturdy shoes for the uphill trek.", "average_rating": 4.4, "visit_count": 60, "is_featured": false, "image_url": "https://s7ap1.scene7.com/is/image/incredibleindia/kondapalli-fort-guntur-andhra-pradesh-2-attr-hero?qlt=82&ts=1726743696048", "favorited_by": []}}, {"model": "core.place", "pk": 90, "fields": {"state": 4, "name": "Borra Caves", "category": "natural", "description": "Stunning limestone caves with stalactites and stalagmites, located in the Ananthagiri Hills.", "location": "Visakhapatnam", "latitude": 18.2667, "longitude": 82.9833, "entry_fee": "50.00", "visiting_hours": "10 AM - 5 PM", "safety_tip": "Follow guide instructions inside the caves.", "average_rating": 4.6, "visit_count": 75, "is_featured": false, "image_url": "https://media.istockphoto.com/id/801563986/photo/borra-cave-araku-andhra-pradesh-india-travel-destination-in-india.jpg?s=612x612&w=0&k=20&c=zo2IJfRp-h4zYh1q8tKuSh_9DeJq-BY6bRscbIAHngo=", "favorited_by": []}}, {"model": "core.place", "pk": 91, "fields": {"state": 4, "name": "Manginapudi Beach", "category": "natural", "description": "A serene black sand beach near Machilipatnam, perfect for a quiet getaway.", "location": "Machilipatnam", "latitude": 16.1667, "longitude": 81.1333, "entry_fee": "0.00", "visiting_hours": "Open 24 hours", "safety_tip": "Avoid isolated areas after sunset.", "average_rating": 4.3, "visit_count": 55, "is_featured": false, "image_url": "https://i.pinimg.com/736x/ed/08/fc/ed08fc966b7dbfe2eb1632e540abd5de.jpg", "favorited_by": []}}, {"model": "core.place", "pk": 92, "fields": {"state": 4, "name": "Kurnool Fort", "category": "historical", "description": "A historic fort with remnants of the Qutb Shahi and Vijayanagara periods.", "location": "Kurnool", "latitude": 15.8281, "longitude": 78.0353, "entry_fee": "5.00", "visiting_hours": "9 AM - 5 PM", "safety_tip": "Watch for uneven terrain while exploring.", "average_rating": 4.2, "visit_count": 50, "is_featured": false, "image_url": "https://tse2.mm.bing.net/th/id/OIP.PR8TCgugKhfDZIM5ssJ--QHaEh?pid=ImgDet&w=185&h=112&c=7&dpr=1.3&o=7&rm=3", "favorited_by": [1]}}, {"model": "core.place", "pk": 93, "fields": {"state": 4, "name": "Papikondalu", "category": "natural", "description": "A scenic range of hills along the Godavari River, ideal for boating and nature walks.", "location": "East Godavari", "latitude": 17.3167, "longitude": 81.75, "entry_fee": "0.00", "visiting_hours": "6 AM - 6 PM", "safety_tip": "Wear life jackets during boat rides.", "average_rating": 4.5, "visit_count": 65, "is_featured": false, "image_url": "https://th.bing.com/th/id/OIP.K7SfTNId5QMW9IKzwIRM7AHaEH?w=362&h=180&c=7&r=0&o=7&dpr=1.3&pid=1.7&rm=3", "favorited_by": [1]}}, {"model": "core.place", "pk": 94, "fields": {"state": 4, "name": "Sri Venkateswara Wildlife Sanctuary", "category": "Wildlife", "description": "A biodiversity-rich sanctuary near Tirumala, home to tigers, leopards, and diverse flora.", "location": "Chittoor", "latitude": 13.6667, "longitude": 79.3333, "entry_fee": "100.00", "visiting_hours": "6 AM - 6 PM", "safety_tip": "Follow safari guidelines and avoid feeding animals.", "average_rating": 4.4, "visit_count": 60, "is_featured": false, "image_url": "https://th.bing.com/th/id/OIP.NYRxSHw6TQKA6WFmIXHUBgHaE7?w=242&h=180&c=7&r=0&o=7&dpr=1.3&pid=1.7&rm=3", "favorited_by": [1]}}, {"model": "core.place", "pk": 95, "fields": {"state": 1, "name": "Sabarimala Temple", "category": "religious", "description": "A major Hindu pilgrimage site dedicated to Lord Ayyappa, located in the Periyar Tiger Reserve.", "location": "Sabarimala", "latitude": 9.434, "longitude": 77.087, "entry_fee": "0.00", "visiting_hours": "Pilgrimage season: November to mid-January, 4 AM - 1 PM, 3 PM - 11 PM", "safety_tip": "Follow strict dress codes (black/saffron) and obtain virtual queue tickets.", "average_rating": 4.8, "visit_count": 90, "is_featured": false, "image_url": "https://th.bing.com/th/id/OIP.udlUUrE63U193T5PUscKrAHaEn?w=295&h=184&c=7&r=0&o=7&dpr=1.3&pid=1.7&rm=3", "favorited_by": [1]}}, {"model": "core.place", "pk": 96, "fields": {"state": 1, "name": "Varkala Beach", "category": "natural", "description": "A unique cliff beach with mineral springs and a serene ambiance, ideal for relaxation.", "location": "Varkala", "latitude": 8.7333, "longitude": 76.7167, "entry_fee": "0.00", "visiting_hours": "Open 24 hours", "safety_tip": "Avoid swimming in unpatrolled areas due to strong currents.", "average_rating": 4.6, "visit_count": 85, "is_featured": false, "image_url": "https://th.bing.com/th?id=OLC.HMsYdQcYI%2fLtUg480x360&w=276&h=140&c=8&rs=1&qlt=90&o=6&dpr=1.3&pid=3.1&rm=2", "favorited_by": []}}, {"model": "core.place", "pk": 97, "fields": {"state": 1, "name": "Bekal Fort", "category": "historical", "description": "A 17th-century fort overlooking the Arabian Sea, known for its scenic beauty and architecture.", "location": "Bekal", "latitude": 12.3911, "longitude": 75.03, "entry_fee": "20.00", "visiting_hours": "8 AM - 5:30 PM", "safety_tip": "Watch for slippery surfaces near the fort walls.", "average_rating": 4.7, "visit_count": 75, "is_featured": false, "image_url": "https://tse3.mm.bing.net/th/id/OIP.jMxg24gKYY7WLY3ytwP0sgHaE8?rs=1&pid=ImgDetMain&o=7&rm=3", "favorited_by": []}}, {"model": "core.place", "pk": 98, "fields": {"state": 1, "name": "Wayanad Wildlife Sanctuary", "category": "Wildlife", "description": "A biodiversity hotspot with elephants, tigers, and scenic trails in the Western Ghats.", "location": "Wayanad", "latitude": 11.65, "longitude": 76.0833, "entry_fee": "150.00", "visiting_hours": "7 AM - 5 PM", "safety_tip": "Follow guide instructions during safaris and avoid stray paths.", "average_rating": 4.5, "visit_count": 70, "is_featured": false, "image_url": "https://ts4.mm.bing.net/th?id=OIP.lV31NKtkd3GDBKe2QWpMJgHaDt&pid=15.1", "favorited_by": []}}, {"model": "core.place", "pk": 99, "fields": {"state": 1, "name": "Padmanabhaswamy Temple", "category": "religious", "description": "A historic temple dedicated to Lord Vishnu, famous for its architectural grandeur and treasures.", "location": "Thiruvananthapuram", "latitude": 8.9496, "longitude": 76.5712, "entry_fee": "0.00", "visiting_hours": "3:30 AM - 11 AM, 5 PM - 7:30 PM", "safety_tip": "Strict dress code (dhoti for men, saree for women) and no photography allowed.", "average_rating": 4.8, "visit_count": 95, "is_featured": false, "image_url": "https://th.bing.com/th/id/OSK.nkl8p0vP2OdOAA4NO6q-wWQCShLeQrytfGm5DVjOM5w?w=200&h=200&c=7&rs=1&o=6&dpr=1.3&pid=SANGAM", "favorited_by": []}}, {"model": "core.place", "pk": 100, "fields": {"state": 1, "name": "Athirappilly Falls", "category": "natural", "description": "A majestic waterfall in the Western Ghats, often called the \"Niagara of India.\"", "location": "Thrissur", "latitude": 10.2876, "longitude": 76.5667, "entry_fee": "20.00", "visiting_hours": "8 AM - 5 PM", "safety_tip": "Stay behind barriers to avoid slipping near the falls.", "average_rating": 4.7, "visit_count": 80, "is_featured": false, "image_url": "https://th.bing.com/th/id/OLC.x2TQiL6APxJ0dg480x360?w=244&h=140&c=8&rs=1&qlt=90&o=6&dpr=1.3&pid=3.1&rm=2", "favorited_by": []}}, {"model": "core.place", "pk": 101, "fields": {"state": 1, "name": "Mattancherry Palace", "category": "historical", "description": "A 16th-century Portuguese palace with stunning murals, reflecting Kerala’s colonial history.", "location": "Kochi", "latitude": 9.962, "longitude": 76.261, "entry_fee": "5.00", "visiting_hours": "9 AM - 5 PM", "safety_tip": "Remove shoes before entering the palace interiors.", "average_rating": 4.6, "visit_count": 70, "is_featured": false, "image_url": null, "favorited_by": []}}, {"model": "core.place", "pk": 102, "fields": {"state": 1, "name": "Periyar National Park", "category": "Wildlife", "description": "A tiger reserve with boat safaris on Periyar Lake, home to elephants and diverse wildlife.", "location": "Thekkady", "latitude": 9.5667, "longitude": 77.1833, "entry_fee": "200.00", "visiting_hours": "6 AM - 6 PM", "safety_tip": "Wear neutral colors and avoid feeding animals during safaris.", "average_rating": 4.6, "visit_count": 75, "is_featured": false, "image_url": "https://th.bing.com/th/id/OIP.jbbU7Zg-_bNnIMCtpuH0mwHaEc?w=312&h=187&c=7&r=0&o=7&dpr=1.3&pid=1.7&rm=3", "favorited_by": []}}, {"model": "core.place", "pk": 103, "fields": {"state": 1, "name": "Thrissur Pooram", "category": "cultural", "description": "A grand annual temple festival with elephant processions, fireworks, and traditional music.", "location": "Thrissur", "latitude": 10.527, "longitude": 76.2144, "entry_fee": "0.00", "visiting_hours": "Festival-specific, typically April/May", "safety_tip": "Maintain distance from elephants and avoid crowded areas.", "average_rating": 4.7, "visit_count": 85, "is_featured": false, "image_url": "https://ts1.mm.bing.net/th?id=OIP.wqsObrnme4V2A9-MauTzygHaFj&pid=15.1", "favorited_by": []}}, {"model": "core.place", "pk": 104, "fields": {"state": 1, "name": "Kumarakom Bird Sanctuary", "category": "Wildlife", "description": "A haven for migratory birds along the Vembanad Lake, perfect for birdwatching.", "location": "Kumarakom", "latitude": 9.6167, "longitude": 76.4333, "entry_fee": "50.00", "visiting_hours": "6:30 AM - 6 PM", "safety_tip": "Carry binoculars and avoid disturbing nesting birds.", "average_rating": 4.5, "visit_count": 65, "is_featured": false, "image_url": "https://th.bing.com/th/id/OIP.Tbsp9mfH31g13l6HvIYnvQHaDt?w=286&h=175&c=7&r=0&o=7&dpr=1.3&pid=1.7&rm=3", "favorited_by": []}}, {"model": "core.place", "pk": 105, "fields": {"state": 1, "name": "Cherai Beach", "category": "natural", "description": "A peaceful beach near Kochi with golden sands and shallow waters, ideal for families.", "location": "Kochi", "latitude": 10.172, "longitude": 76.185, "entry_fee": "0.00", "visiting_hours": "Open 24 hours", "safety_tip": "Check tide schedules before swimming.", "average_rating": 4.4, "visit_count": 70, "is_featured": false, "image_url": "https://th.bing.com/th/id/OIP.8iKOyLSQMtgzhnOxNyPZ0QHaE7?w=260&h=180&c=7&r=0&o=7&dpr=1.3&pid=1.7&rm=3", "favorited_by": []}}, {"model": "core.place", "pk": 106, "fields": {"state": 1, "name": "Malampuzha Dam", "category": "natural", "description": "A scenic dam with gardens, a ropeway, and boating facilities in the Palakkad region.", "location": "Palakkad", "latitude": 10.85, "longitude": 76.6833, "entry_fee": "10.00", "visiting_hours": "9 AM - 5 PM", "safety_tip": "Use life jackets during boating and avoid cliff edges.", "average_rating": 4.5, "visit_count": 60, "is_featured": false, "image_url": "https://www.keralatourism.org/images/destination/large/malampuzha_dam_and_garden20131030155415_124_1.jpg", "favorited_by": [1]}}, {"model": "core.place", "pk": 107, "fields": {"state": 1, "name": "Parambikulam Wildlife Sanctuary", "category": "Wildlife", "description": "A tiger reserve with dense forests, teak plantations, and boat safaris on the Parambikulam Lake.", "location": "Palakkad", "latitude": 10.4, "longitude": 76.7833, "entry_fee": "150.00", "visiting_hours": "7 AM - 6 PM", "safety_tip": "Book safaris in advance and follow park rules.", "average_rating": 4.6, "visit_count": 65, "is_featured": false, "image_url": "https://th.bing.com/th/id/OIP.nb6_wqrlbZ6R_QMYIvDjoQHaDU?w=348&h=156&c=7&r=0&o=7&dpr=1.3&pid=1.7&rm=3", "favorited_by": []}}, {"model": "core.place", "pk": 108, "fields": {"state": 1, "name": "Kovalam Beach", "category": "natural", "description": "A famous beach with crescent-shaped shores, lighthouse views, and Ayurvedic resorts.", "location": "Thiruvananthapuram", "latitude": 8.39, "longitude": 76.9783, "entry_fee": "0.00", "visiting_hours": "Open 24 hours", "safety_tip": "Swim only in lifeguard-monitored areas.", "average_rating": 4.6, "visit_count": 80, "is_featured": false, "image_url": "https://www.keralam.me/wp-content/uploads/2019/03/crescent_shaped_kovalam_beach-1024x683.jpg", "favorited_by": [1]}}, {"model": "core.place", "pk": 109, "fields": {"state": 1, "name": "Hill Palace Museum", "category": "cultural", "description": "A former royal palace turned museum, showcasing Kerala’s royal heritage and artifacts.", "location": "Tripunithura", "latitude": 9.944, "longitude": 76.341, "entry_fee": "10.00", "visiting_hours": "10 AM - 5:30 PM", "safety_tip": "No photography inside the museum; respect displayed items.", "average_rating": 4.5, "visit_count": 70, "is_featured": false, "image_url": "https://th.bing.com/th/id/OLC.9owyWZX18mxxsw480x360?w=212&h=140&c=8&rs=1&qlt=90&o=6&dpr=1.3&pid=3.1&rm=2", "favorited_by": []}}, {"model": "core.place", "pk": 110, "fields": {"state": 1, "name": "Edava Beach,Varkala", "category": "recommended", "description": "Recommended place: Edava Beach,Varkala", "location": "", "latitude": 8.7603027, "longitude": 76.687272, "entry_fee": null, "visiting_hours": "", "safety_tip": "", "average_rating": 0.0, "visit_count": 0, "is_featured": false, "image_url": "https://th.bing.com/th/id/OIP.aolmPJtlhgnrABEBtEQfEgHaEL?w=290&h=180&c=7&r=0&o=7&dpr=1.3&pid=1.7&rm=3", "favorited_by": [1]}}, {"model": "core.place", "pk": 111, "fields": {"state": 1, "name": "Pathiramanal Island", "category": "recommended", "description": "Recommended place: Pathiramanal Island", "location": "", "latitude": 9.6186427, "longitude": 76.38470939999999, "entry_fee": null, "visiting_hours": "", "safety_tip": "", "average_rating": 0.0, "visit_count": 0, "is_featured": false, "image_url": "https://th.bing.com/th/id/OIP.fu9MEoFwamUnm4Ehw3dl9QHaEK?w=283&h=180&c=7&r=0&o=7&dpr=1.3&pid=1.7&rm=3", "favorited_by": [1]}}, {"model": "core.place", "pk": 112, "fields": {"state": 1, "name": "Baba Budan giri", "category": "recommended", "description": "Recommended place: Baba Budan giri", "location": "", "latitude": 13.422865, "longitude": 75.77038759999999, "entry_fee": null, "visiting_hours": "", "safety_tip": "", "average_rating": 0.0, "visit_count": 0, "is_featured": false, "image_url": null, "favorited_by": []}}, {"model": "core.place", "pk": 113, "fields": {"state": 1, "name": "Jog Falls", "category": "recommended", "description": "Recommended place: Jog Falls", "location": "", "latitude": 14.2241595, "longitude": 74.8092566, "entry_fee": null, "visiting_hours": "", "safety_tip": "", "average_rating": 0.0, "visit_count": 0, "is_featured": false, "image_url": null, "favorited_by": [1]}}, {"model": "core.place", "pk": 114, "fields": {"state": 1, "name": "Government Rose Garden", "category": "recommended", "description": "Recommended place: Government Rose Garden", "location": "", "latitude": 11.4063171, "longitude": 76.70897939999999, "entry_fee": null, "visiting_hours": "", "safety_tip": "", "average_rating": 0.0, "visit_count": 0, "is_featured": false, "image_url": null, "favorited_by": []}}, {"model": "core.place", "pk": 115, "fields": {"state": 1, "name": "Government Botanical Garden", "category": "recommended", "description": "Recommended place: Government Botanical Garden", "location": "", "latitude": 11.4188751, "longitude": 76.7113878, "entry_fee": null, "visiting_hours": "", "safety_tip": "", "average_rating": 0.0, "visit_count": 0, "is_featured": false, "image_url": null, "favorited_by": []}}, {"model": "core.place", "pk": 116, "fields": {"state": 1, "name": "The Tea Factory & The Tea Museum", "category": "recommended", "description": "Recommended place: The Tea Factory & The Tea Museum", "location": "", "latitude": 11.4118724, "longitude": 76.7208363, "entry_fee": null, "visiting_hours": "", "safety_tip": "", "average_rating": 0.0, "visit_count": 0, "is_featured": false, "image_url": "https://www.travelure.in/wp-content/uploads/2022/03/Ramoji-Film-City-40.jpg", "favorited_by": []}}, {"model": "core.place", "pk": 117, "fields": {"state": 1, "name": "Submarine Museum (INS Kurusura)", "category": "recommended", "description": "Recommended place: Submarine Museum (INS Kurusura)", "location": "", "latitude": null, "longitude": null, "entry_fee": null, "visiting_hours": "", "safety_tip": "", "average_rating": 0.0, "visit_count": 0, "is_featured": false, "image_url": null, "favorited_by": [1]}}, {"model": "core.place", "pk": 118, "fields": {"state": 1, "name": "VUDA Park", "category": "recommended", "description": "Recommended place: VUDA Park", "location": "", "latitude": null, "longitude": null, "entry_fee": null, "visiting_hours": "", "safety_tip": "", "average_rating": 0.0, "visit_count": 0, "is_featured": false, "image_url": null, "favorited_by": [1]}}, {"model": "core.place", "pk": 119, "fields": {"state": 1, "name": "Simhachalam Temple", "category": "recommended", "description": "Recommended place: Simhachalam Temple", "location": "", "latitude": 17.776, "longitude": 83.239, "entry_fee": null, "visiting_hours": "", "safety_tip": "", "average_rating": 0.0, "visit_count": 0, "is_featured": false, "image_url": null, "favorited_by": [1]}}, {"model": "core.place", "pk": 120, "fields": {"state": 1, "name": "Lawson's Bay Beach", "category": "recommended", "description": "Recommended place: Lawson's Bay Beach", "location": "", "latitude": null, "longitude": null, "entry_fee": null, "visiting_hours": "", "safety_tip": "", "average_rating": 0.0, "visit_count": 0, "is_featured": false, "image_url": null, "favorited_by": [1]}}, {"model": "core.place", "pk": 121, "fields": {"state": 1, "name": "Padmapuram Gardens", "category": "recommended", "description": "Recommended place: Padmapuram Gardens", "location": "", "latitude": null, "longitude": null, "entry_fee": null, "visiting_hours": "", "safety_tip": "", "average_rating": 0.0, "visit_count": 0, "is_featured": false, "image_url": null, "favorited_by": [1]}}, {"model": "core.place", "pk": 122, "fields": {"state": 1, "name": "Bhavani Island", "category": "recommended", "description": "Recommended place: Bhavani Island", "location": "", "latitude": null, "longitude": null, "entry_fee": null, "visiting_hours": "", "safety_tip": "", "average_rating": 0.0, "visit_count": 0, "is_featured": false, "image_url": null, "favorited_by": [1]}}, {"model": "core.place", "pk": 123, "fields": {"state": 1, "name": "Archaeological Museum Badami", "category": "recommended", "description": "Recommended place: Archaeological Museum Badami", "location": "", "latitude": 15.9213604, "longitude": 75.6848958, "entry_fee": null, "visiting_hours": "", "safety_tip": "", "average_rating": 0.0, "visit_count": 0, "is_featured": false, "image_url": null, "favorited_by": [1]}}, {"model": "core.place", "pk": 124, "fields": {"state": 1, "name": "Thousand Pillar Temple", "category": "recommended", "description": "Recommended place: Thousand Pillar Temple", "location": "", "latitude": 18.0057, "longitude": 79.5741, "entry_fee": null, "visiting_hours": "", "safety_tip": "", "average_rating": 0.0, "visit_count": 0, "is_featured": false, "image_url": null, "favorited_by": []}}, {"model": "core.place", "pk": 125, "fields": {"state": 1, "name": "Thousand Pillar Temple", "category": "recommended", "description": "Recommended place: Thousand Pillar Temple", "location": "", "latitude": 18.0057, "longitude": 79.5741, "entry_fee": null, "visiting_hours": "", "safety_tip": "", "average_rating": 0.0, "visit_count": 0, "is_featured": false, "image_url": null, "favorited_by": [1]}}, {"model": "core.place", "pk": 126, "fields": {"state": 1, "name": "Krishna's Butter Ball", "category": "recommended", "description": "Recommended place: Krishna's Butter Ball", "location": "", "latitude": 12.6190805, "longitude": 80.1924551, "entry_fee": null, "visiting_hours": "", "safety_tip": "", "average_rating": 0.0, "visit_count": 0, "is_featured": false, "image_url": null, "favorited_by": [1]}}, {"model": "core.place", "pk": 127, "fields": {"state": 1, "name": "Napier Museum", "category": "recommended", "description": "Recommended place: Napier Museum", "location": "", "latitude": 8.5090146, "longitude": 76.9551247, "entry_fee": null, "visiting_hours": "", "safety_tip": "", "average_rating": 0.0, "visit_count": 0, "is_featured": false, "image_url": null, "favorited_by": [1]}}, {"model": "core.place", "pk": 128, "fields": {"state": 1, "name": "Gandhi Park", "category": "recommended", "description": "Recommended place: Gandhi Park", "location": "", "latitude": 8.4826885, "longitude": 76.9479222, "entry_fee": null, "visiting_hours": "", "safety_tip": "", "average_rating": 0.0, "visit_count": 0, "is_featured": false, "image_url": null, "favorited_by": [1]}}, {"model": "core.place", "pk": 129, "fields": {"state": 1, "name": "Fort Kochi Beach", "category": "recommended", "description": "Recommended place: Fort Kochi Beach", "location": "", "latitude": 9.9637158, "longitude": 76.23746109999999, "entry_fee": null, "visiting_hours": "", "safety_tip": "", "average_rating": 0.0, "visit_count": 0, "is_featured": false, "image_url": null, "favorited_by": [1]}}, {"model": "core.place", "pk": 130, "fields": {"state": 1, "name": "Changampuzha Park", "category": "recommended", "description": "Recommended place: Changampuzha Park", "location": "", "latitude": 10.0164125, "longitude": 76.30194209999999, "entry_fee": null, "visiting_hours": "", "safety_tip": "", "average_rating": 0.0, "visit_count": 0, "is_featured": false, "image_url": null, "favorited_by": [1]}}, {"model": "core.place", "pk": 131, "fields": {"state": 1, "name": "Hill Palace Museum", "category": "recommended", "description": "Recommended place: Hill Palace Museum", "location": "", "latitude": 9.9526027, "longitude": 76.3624724, "entry_fee": null, "visiting_hours": "", "safety_tip": "", "average_rating": 0.0, "visit_count": 0, "is_featured": false, "image_url": null, "favorited_by": [1]}}, {"model": "core.place", "pk": 132, "fields": {"state": 1, "name": "Kerala Folklore Museum", "category": "recommended", "description": "Recommended place: Kerala Folklore Museum", "location": "", "latitude": 9.932961599999999, "longitude": 76.2990524, "entry_fee": null, "visiting_hours": "", "safety_tip": "", "average_rating": 0.0, "visit_count": 0, "is_featured": false, "image_url": null, "favorited_by": [1]}}, {"model": "core.place", "pk": 133, "fields": {"state": 1, "name": "Jew Town", "category": "recommended", "description": "Recommended place: Jew Town", "location": "", "latitude": 9.9553412, "longitude": 76.2602222, "entry_fee": null, "visiting_hours": "", "safety_tip": "", "average_rating": 0.0, "visit_count": 0, "is_featured": false, "image_url": null, "favorited_by": [1]}}, {"model": "core.place", "pk": 134, "fields": {"state": 1, "name": "Sri Bhadrakali Temple", "category": "recommended", "description": "Recommended place: Sri Bhadrakali Temple", "location": "", "latitude": 17.9948596, "longitude": 79.5828476, "entry_fee": null, "visiting_hours": "", "safety_tip": "", "average_rating": 0.0, "visit_count": 0, "is_featured": false, "image_url": null, "favorited_by": [1]}}, {"model": "core.hotel", "pk": 1, "fields": {"place": 1, "name": "Munnar Tea Resort", "address": "Tea Valley Road, Munnar", "amenities": "Wi-Fi, Breakfast, Spa", "distance": 2.0}}, {"model": "core.hotel", "pk": 2, "fields": {"place": 2, "name": "Alleppey Backwater Inn", "address": "Lake Road, Alleppey", "amenities": "Houseboat, Wi-Fi, Breakfast", "distance": 1.5}}, {"model": "core.hotel", "pk": 3, "fields": {"place": 4, "name": "Hampi Heritage Hotel", "address": "Temple Road, Hampi", "amenities": "Wi-Fi, Guided Tours, Breakfast", "distance": 3.0}}, {"model": "core.hotel", "pk": 4, "fields": {"place": 5, "name": "Coorg Coffee Estate", "address": "Plantation Road, Coorg", "amenities": "Nature Walks, Wi-Fi, Restaurant", "distance": 2.8}}, {"model": "core.hotel", "pk": 7, "fields": {"place": 13, "name": "Tirupati Grand Hotel", "address": "Temple Road, Tirupati", "amenities": "Wi-Fi, Breakfast, Parking", "distance": 1.0}}, {"model": "core.hotel", "pk": 8, "fields": {"place": 14, "name": "Araku Valley Resort", "address": "Hilltop Road, Araku Valley", "amenities": "Nature Walks, Wi-Fi, Restaurant", "distance": 2.5}}, {"model": "core.hotel", "pk": 9, "fields": {"place": 16, "name": "Hyderabad Pearl Hotel", "address": "Charminar Road, Hyderabad", "amenities": "Wi-Fi, Restaurant, Parking", "distance": 1.0}}, {"model": "core.hotel", "pk": 10, "fields": {"place": 17, "name": "Warangal Heritage Inn", "address": "Fort Road, Warangal", "amenities": "Wi-Fi, Breakfast, Guided Tours", "distance": 2.0}}, {"model": "core.hotel", "pk": 11, "fields": {"place": 22, "name": "Hotel Shiv Shanthi Inn", "address": "s road, opp. Railway Station, near by Main Bus StandPeyton, Upper Bazar, Ooty, Tamil Nadu 643001•093451 13119", "amenities": "wifi,pool,ac,parking", "distance": 5.0}}, {"model": "core.cuisine", "pk": 4, "fields": {"state": 1, "name": "Kerala Sadya", "description": "A traditional vegetarian feast served on banana leaves with over 20 dishes including rice, sambar, rasam, avial, thoran, and payasam. This elaborate meal is served during festivals and special occasions."}}, {"model": "core.cuisine", "pk": 5, "fields": {"state": 1, "name": "Kerala Fish Curry", "description": "Spicy fish curry made with coconut milk, tamarind, and aromatic spices. Popular varieties include karimeen (pearl spot fish) curry and chemmeen (prawn) curry."}}, {"model": "core.cuisine", "pk": 6, "fields": {"state": 1, "name": "Appam with Stew", "description": "Soft, fluffy rice pancakes served with vegetable or chicken stew. The appam has a crispy edge and soft center, perfect for soaking up the flavorful stew."}}, {"model": "core.cuisine", "pk": 7, "fields": {"state": 1, "name": "Puttu and Kadala Curry", "description": "Steamed rice cake cylinders served with black chickpea curry. A popular breakfast dish that is both nutritious and delicious."}}, {"model": "core.cuisine", "pk": 8, "fields": {"state": 1, "name": "Malabar Biryani", "description": "Aromatic rice dish cooked with meat, spices, and herbs. The Malabar version is known for its unique blend of spices and the use of short-grain rice."}}, {"model": "core.cuisine", "pk": 9, "fields": {"state": 2, "name": "Bisi Bele Bath", "description": "A spicy rice dish made with lentils, vegetables, and aromatic spices. This one-pot meal is a signature dish of Karnataka and is often served with papad and raita."}}, {"model": "core.cuisine", "pk": 10, "fields": {"state": 2, "name": "Mangalorean Fish Curry", "description": "Spicy fish curry from the coastal region of Mangalore, made with coconut, tamarind, and red chilies. Known for its fiery taste and rich flavors."}}, {"model": "core.cuisine", "pk": 11, "fields": {"state": 2, "name": "Ragi Mudde", "description": "Steamed finger millet balls served with spicy curry. A traditional rural dish that is highly nutritious and filling."}}, {"model": "core.cuisine", "pk": 12, "fields": {"state": 2, "name": "Mysore Masala Dosa", "description": "Crispy dosa served with potato filling and coconut chutney. The Mysore version is known for its red chutney spread inside the dosa."}}, {"model": "core.cuisine", "pk": 13, "fields": {"state": 2, "name": "Coorg Pandi Curry", "description": "Spicy pork curry from the Coorg region, made with local spices and vinegar. A must-try for meat lovers visiting Karnataka."}}, {"model": "core.cuisine", "pk": 14, "fields": {"state": 4, "name": "Andhra Chicken Curry", "description": "Spicy chicken curry made with red chilies, tamarind, and aromatic spices. Known for its fiery taste and rich gravy."}}, {"model": "core.cuisine", "pk": 15, "fields": {"state": 4, "name": "Gongura Pachadi", "description": "Tangy chutney made with sorrel leaves, red chilies, and spices. A traditional accompaniment that adds a unique sour taste to meals."}}, {"model": "core.cuisine", "pk": 16, "fields": {"state": 4, "name": "Pesarattu", "description": "Green gram dosa served with ginger chutney. A healthy breakfast option that is both nutritious and delicious."}}, {"model": "core.cuisine", "pk": 17, "fields": {"state": 4, "name": "Andhra Biryani", "description": "Fragrant rice dish cooked with meat, spices, and herbs. The Andhra version is known for its spicy taste and generous use of chilies."}}, {"model": "core.cuisine", "pk": 18, "fields": {"state": 4, "name": "Gutti Vankaya", "description": "Stuffed brinjal curry made with ground spices and tamarind. A vegetarian delicacy that showcases the region's love for spicy food."}}, {"model": "core.cuisine", "pk": 19, "fields": {"state": 5, "name": "Hyderabadi Biryani", "description": "Famous aromatic rice dish cooked with meat, saffron, and spices. The Hyderabadi version is known for its dum cooking method and rich flavors."}}, {"model": "core.cuisine", "pk": 20, "fields": {"state": 5, "name": "Mirchi ka Salan", "description": "Spicy curry made with green chilies, peanuts, and sesame seeds. A traditional accompaniment to biryani that adds heat and flavor."}}, {"model": "core.cuisine", "pk": 21, "fields": {"state": 5, "name": "Double ka Meetha", "description": "Sweet bread pudding made with fried bread, milk, and nuts. A traditional dessert served during festivals and special occasions."}}, {"model": "core.cuisine", "pk": 22, "fields": {"state": 5, "name": "Bagara Baingan", "description": "Spicy brinjal curry made with ground spices and tamarind. A vegetarian dish that is rich in flavors and textures."}}, {"model": "core.cuisine", "pk": 23, "fields": {"state": 5, "name": "Qubani ka Meetha", "description": "Sweet dish made with dried apricots, nuts, and cream. A royal dessert that showcases the region's Persian influences."}}, {"model": "core.cuisine", "pk": 24, "fields": {"state": 6, "name": "Idli Sambar", "description": "Steamed rice cakes served with lentil soup and coconut chutney. A healthy breakfast staple that is loved across India."}}, {"model": "core.cuisine", "pk": 25, "fields": {"state": 6, "name": "Chettinad Chicken", "description": "Spicy chicken curry from the Chettinad region, made with a unique blend of spices and aromatics. Known for its bold flavors and rich taste."}}, {"model": "core.cuisine", "pk": 26, "fields": {"state": 6, "name": "Pongal", "description": "Rice and lentil dish cooked with ghee and black pepper. A traditional breakfast dish that is both nutritious and comforting."}}, {"model": "core.cuisine", "pk": 27, "fields": {"state": 6, "name": "Rasam", "description": "Spicy and tangy soup made with tamarind, tomatoes, and spices. A traditional accompaniment that aids digestion."}}, {"model": "core.cuisine", "pk": 28, "fields": {"state": 6, "name": "Filter Coffee", "description": "Strong coffee made with chicory and served with frothy milk. A cultural icon of Tamil Nadu that is enjoyed throughout the day."}}, {"model": "core.restaurant", "pk": 4, "fields": {"state": 1, "name": "Grand Hotel", "specialty": "Traditional Kerala Sadya", "average_cost": "800.00"}}, {"model": "core.restaurant", "pk": 5, "fields": {"state": 1, "name": "Paragon Restaurant", "specialty": "Malabar Biryani", "average_cost": "600.00"}}, {"model": "core.restaurant", "pk": 6, "fields": {"state": 1, "name": "Kashi Art Cafe", "specialty": "Fusion Kerala Cuisine", "average_cost": "1200.00"}}, {"model": "core.restaurant", "pk": 7, "fields": {"state": 1, "name": "Kayees Rahmathulla", "specialty": "Kerala Fish Curry", "average_cost": "500.00"}}, {"model": "core.restaurant", "pk": 8, "fields": {"state": 1, "name": "Ariya Nivaas", "specialty": "Appam and Stew", "average_cost": "400.00"}}, {"model": "core.restaurant", "pk": 9, "fields": {"state": 2, "name": "MTR (Mavalli Tiffin Room)", "specialty": "Traditional Karnataka Breakfast", "average_cost": "300.00"}}, {"model": "core.restaurant", "pk": 10, "fields": {"state": 2, "name": "Koshy's", "specialty": "Mangalorean Fish Curry", "average_cost": "700.00"}}, {"model": "core.restaurant", "pk": 11, "fields": {"state": 2, "name": "Vidyarthi Bhavan", "specialty": "Mysore Masala Dosa", "average_cost": "150.00"}}, {"model": "core.restaurant", "pk": 12, "fields": {"state": 2, "name": "Coorg Cuisine", "specialty": "Coorg Pandi Curry", "average_cost": "800.00"}}, {"model": "core.restaurant", "pk": 13, "fields": {"state": 2, "name": "The Only Place", "specialty": "Bisi Bele Bath", "average_cost": "400.00"}}, {"model": "core.restaurant", "pk": 14, "fields": {"state": 4, "name": "Rayalaseema Ruchulu", "specialty": "Andhra Chicken Curry", "average_cost": "600.00"}}, {"model": "core.restaurant", "pk": 15, "fields": {"state": 4, "name": "Spice Garden", "specialty": "Andhra Biryani", "average_cost": "500.00"}}, {"model": "core.restaurant", "pk": 16, "fields": {"state": 4, "name": "Gongura", "specialty": "Traditional Andhra Thali", "average_cost": "400.00"}}, {"model": "core.restaurant", "pk": 17, "fields": {"state": 4, "name": "Pesarattu House", "specialty": "Pesarattu and Upma", "average_cost": "200.00"}}, {"model": "core.restaurant", "pk": 18, "fields": {"state": 4, "name": "Andhra Spice", "specialty": "Gutti Vankaya", "average_cost": "350.00"}}, {"model": "core.restaurant", "pk": 19, "fields": {"state": 5, "name": "Paradise Biryani", "specialty": "Hyderabadi Biryani", "average_cost": "400.00"}}, {"model": "core.restaurant", "pk": 20, "fields": {"state": 5, "name": "Bawarchi", "specialty": "Traditional Hyderabadi Cuisine", "average_cost": "600.00"}}, {"model": "core.restaurant", "pk": 21, "fields": {"state": 5, "name": "Cafe Bahar", "specialty": "Mirchi ka Salan", "average_cost": "500.00"}}, {"model": "core.restaurant", "pk": 22, "fields": {"state": 5, "name": "Shadab", "specialty": "Bagara Baingan", "average_cost": "450.00"}}, {"model": "core.restaurant", "pk": 23, "fields": {"state": 5, "name": "Hotel Shadab", "specialty": "Double ka Meetha", "average_cost": "200.00"}}, {"model": "core.restaurant", "pk": 24, "fields": {"state": 6, "name": "Murugan Idli Shop", "specialty": "Idli Sambar", "average_cost": "100.00"}}, {"model": "core.restaurant", "pk": 25, "fields": {"state": 6, "name": "Annalakshmi", "specialty": "Traditional Tamil Thali", "average_cost": "500.00"}}, {"model": "core.restaurant", "pk": 26, "fields": {"state": 6, "name": "Karaikudi", "specialty": "Chettinad Chicken", "average_cost": "700.00"}}, {"model": "core.restaurant", "pk": 27, "fields": {"state": 6, "name": "Adyar Ananda Bhavan", "specialty": "Traditional Sweets", "average_cost": "300.00"}}, {"model": "core.restaurant", "pk": 28, "fields": {"state": 6, "name": "Ratna Cafe", "specialty": "Filter Coffee", "average_cost": "50.00"}}, {"model": "core.event", "pk": 1, "fields": {"state": 6, "name": "Pongal Festival", "date": "January 14, 2025", "location": "Statewide", "description": "A harvest festival celebrating with traditional dishes and kolam designs."}}, {"model": "core.event", "pk": 2, "fields": {"state": 6, "name": "Chithirai Festival", "date": "April 15, 2025", "location": "Madurai", "description": "A grand celebration at Meenakshi Temple with processions."}}, {"model": "core.itinerary", "pk": 1, "fields": {"state": 6, "day": 1, "description": "Arrive in Chennai, visit Marina Beach, and explore local markets."}}, {"model": "core.itinerary", "pk": 2, "fields": {"state": 6, "day": 2, "description": "Travel to Mahabalipuram, visit the Shore Temple, and enjoy the beach."}}, {"model": "core.itinerary", "pk": 3, "fields": {"state": 6, "day": 3, "description": "Head to Madurai, explore Meenakshi Temple, and attend a cultural event."}}, {"model": "core.userprofile", "pk": 1, "fields": {"user": 1, "bio": "", "profile_picture": "https://encrypted-tbn3.gstatic.com/images?q=tbn:ANd9GcTXapRdmpufwS4atWo90DPWPxxKnuPadUVFvP7Uegv8R9Dz4R_8ahloEqtVER4JypRckeDcSrhKJFBK4IMvtXHHDEvTyaGrBRWxbR-W0g", "phone_number": "", "location": "", "travel_style": "cultural", "favorite_state": 1, "total_places_visited": 46, "total_reviews": 45, "total_favorites": 50, "travel_bucket_list": ["hii"], "achievements": [], "ai_personality_analysis": {"growth_areas": ["Try new cuisines", "Explore offbeat destinations"], "travel_insights": "AI analysis completed successfully", "personality_type": "Cultural Explorer", "travel_strengths": ["Curiosity", "Adaptability", "Open-mindedness"], "travel_motivation": "Exploration and discovery", "personalized_message": "```json\n{\n  \"personality_type\": \"Cultural Explorer\",\n  \"travel_motivation\": \"Discovering the rich history, architecture, and traditions of South India.  Rahuln is driven by a desire to explore ancient temples, historical forts, and unique cultural sites.\",\n  \"preferred_experiences\": [\"Visiting histo...", "preferred_experiences": ["Cultural exploration", "Local experiences", "Historical sites"], "recommended_next_destinations": ["Mysore Palace", "Hampi Ruins", "Kerala Backwaters"]}}}, {"model": "core.userprofile", "pk": 2, "fields": {"user": 2, "bio": "", "profile_picture": null, "phone_number": "", "location": "", "travel_style": "", "favorite_state": null, "total_places_visited": 0, "total_reviews": 0, "total_favorites": 0, "travel_bucket_list": [], "achievements": [], "ai_personality_analysis": {}}}, {"model": "core.userprofile", "pk": 3, "fields": {"user": 3, "bio": "", "profile_picture": null, "phone_number": "", "location": "", "travel_style": "relaxation", "favorite_state": null, "total_places_visited": 0, "total_reviews": 0, "total_favorites": 0, "travel_bucket_list": [], "achievements": [], "ai_personality_analysis": {}}}, {"model": "core.review", "pk": 3, "fields": {"place": 22, "state": 6, "user": 1, "rating": 5, "comment": "good place", "created_at": "2025-06-05T06:16:57.529Z"}}, {"model": "core.review", "pk": 4, "fields": {"place": 20, "state": 6, "user": 1, "rating": 5, "comment": "beautiful place", "created_at": "2025-06-05T06:17:14.338Z"}}, {"model": "core.review", "pk": 5, "fields": {"place": 20, "state": 6, "user": 1, "rating": 5, "comment": "good one,feels good", "created_at": "2025-06-19T08:48:50.746Z"}}, {"model": "core.review", "pk": 6, "fields": {"place": 20, "state": 6, "user": 1, "rating": 5, "comment": "good one,feels good", "created_at": "2025-06-19T08:48:56.830Z"}}, {"model": "core.review", "pk": 7, "fields": {"place": 33, "state": 6, "user": 1, "rating": 2, "comment": "not that good", "created_at": "2025-06-19T08:53:51.618Z"}}, {"model": "core.review", "pk": 8, "fields": {"place": 34, "state": 6, "user": 1, "rating": 2, "comment": "not that good", "created_at": "2025-06-19T08:54:43.239Z"}}, {"model": "core.review", "pk": 9, "fields": {"place": 20, "state": 6, "user": 1, "rating": 2, "comment": "not that good", "created_at": "2025-06-19T08:55:22.616Z"}}, {"model": "core.review", "pk": 10, "fields": {"place": 34, "state": 6, "user": 1, "rating": 5, "comment": "good one with friends", "created_at": "2025-06-19T08:57:28.880Z"}}, {"model": "core.review", "pk": 11, "fields": {"place": 33, "state": 6, "user": 1, "rating": 1, "comment": "badd", "created_at": "2025-06-19T09:02:59.128Z"}}, {"model": "core.review", "pk": 12, "fields": {"place": 33, "state": 6, "user": 1, "rating": 1, "comment": "badd", "created_at": "2025-06-19T09:03:30.100Z"}}, {"model": "core.review", "pk": 13, "fields": {"place": 33, "state": 6, "user": 1, "rating": 1, "comment": "badd", "created_at": "2025-06-19T09:03:30.682Z"}}, {"model": "core.review", "pk": 14, "fields": {"place": 33, "state": 6, "user": 1, "rating": 1, "comment": "badd", "created_at": "2025-06-19T09:03:50.336Z"}}, {"model": "core.review", "pk": 15, "fields": {"place": 33, "state": 6, "user": 1, "rating": 1, "comment": "badd", "created_at": "2025-06-19T09:03:50.487Z"}}, {"model": "core.review", "pk": 16, "fields": {"place": 36, "state": 6, "user": 1, "rating": 2, "comment": "okok", "created_at": "2025-06-19T09:08:48.732Z"}}, {"model": "core.review", "pk": 17, "fields": {"place": 36, "state": 6, "user": 1, "rating": 2, "comment": "okok", "created_at": "2025-06-19T09:09:14.550Z"}}, {"model": "core.review", "pk": 18, "fields": {"place": 38, "state": 6, "user": 1, "rating": 3, "comment": "not bad", "created_at": "2025-06-19T09:11:46.570Z"}}, {"model": "core.review", "pk": 19, "fields": {"place": 38, "state": 6, "user": 1, "rating": 3, "comment": "not bad", "created_at": "2025-06-19T09:12:08.230Z"}}, {"model": "core.review", "pk": 20, "fields": {"place": 38, "state": 6, "user": 1, "rating": 3, "comment": "not bad", "created_at": "2025-06-19T09:13:52.473Z"}}, {"model": "core.review", "pk": 21, "fields": {"place": 38, "state": 6, "user": 1, "rating": 5, "comment": "good", "created_at": "2025-06-19T09:14:33.228Z"}}, {"model": "core.review", "pk": 22, "fields": {"place": 21, "state": 6, "user": 1, "rating": 5, "comment": "very good", "created_at": "2025-06-19T09:17:06.832Z"}}, {"model": "core.review", "pk": 23, "fields": {"place": 29, "state": 6, "user": 1, "rating": 4, "comment": "good experience", "created_at": "2025-06-19T09:21:39.831Z"}}, {"model": "core.review", "pk": 24, "fields": {"place": 34, "state": 6, "user": 1, "rating": 1, "comment": "Bad", "created_at": "2025-06-19T09:26:23.385Z"}}, {"model": "core.review", "pk": 25, "fields": {"place": 22, "state": 6, "user": 1, "rating": 1, "comment": "badd", "created_at": "2025-06-19T09:32:04.161Z"}}, {"model": "core.review", "pk": 26, "fields": {"place": 20, "state": 6, "user": 1, "rating": 5, "comment": "good goddd", "created_at": "2025-06-19T09:34:54.725Z"}}, {"model": "core.review", "pk": 27, "fields": {"place": 30, "state": 6, "user": 1, "rating": 5, "comment": "veru beautiful", "created_at": "2025-06-19T09:39:00.584Z"}}, {"model": "core.review", "pk": 28, "fields": {"place": 35, "state": 6, "user": 1, "rating": 5, "comment": "good one", "created_at": "2025-06-19T09:41:14.470Z"}}, {"model": "core.review", "pk": 29, "fields": {"place": 35, "state": 6, "user": 1, "rating": 4, "comment": "okok", "created_at": "2025-06-19T10:52:08.452Z"}}, {"model": "core.review", "pk": 30, "fields": {"place": 34, "state": 6, "user": 1, "rating": 3, "comment": "okkok", "created_at": "2025-06-19T10:53:33.315Z"}}, {"model": "core.review", "pk": 31, "fields": {"place": 18, "state": 5, "user": 1, "rating": 5, "comment": "hiii", "created_at": "2025-06-20T08:59:58.238Z"}}, {"model": "core.review", "pk": 32, "fields": {"place": 18, "state": 5, "user": 1, "rating": 5, "comment": "hiii", "created_at": "2025-06-20T08:59:58.239Z"}}, {"model": "core.review", "pk": 33, "fields": {"place": 18, "state": 5, "user": 1, "rating": 4, "comment": "good", "created_at": "2025-06-20T09:00:17.825Z"}}, {"model": "core.review", "pk": 34, "fields": {"place": 18, "state": 5, "user": 1, "rating": 4, "comment": "good", "created_at": "2025-06-20T09:00:17.825Z"}}, {"model": "core.review", "pk": 35, "fields": {"place": 46, "state": 5, "user": 1, "rating": 5, "comment": "very good", "created_at": "2025-06-20T09:05:43.609Z"}}, {"model": "core.review", "pk": 36, "fields": {"place": 46, "state": 5, "user": 1, "rating": 5, "comment": "very good", "created_at": "2025-06-20T09:05:43.608Z"}}, {"model": "core.review", "pk": 37, "fields": {"place": 41, "state": 5, "user": 1, "rating": 5, "comment": "nicee", "created_at": "2025-06-20T09:15:05.285Z"}}, {"model": "core.review", "pk": 38, "fields": {"place": 2, "state": 1, "user": 1, "rating": 5, "comment": "hgihb", "created_at": "2025-06-20T20:17:31.130Z"}}, {"model": "core.review", "pk": 39, "fields": {"place": 2, "state": 1, "user": 1, "rating": 5, "comment": "hgihb", "created_at": "2025-06-20T20:17:58.852Z"}}, {"model": "core.review", "pk": 40, "fields": {"place": 6, "state": 2, "user": 1, "rating": 5, "comment": "oijojoijin", "created_at": "2025-06-20T20:24:04.876Z"}}, {"model": "core.review", "pk": 41, "fields": {"place": 41, "state": 5, "user": 1, "rating": 5, "comment": "superrr", "created_at": "2025-06-20T22:12:36.832Z"}}, {"model": "core.review", "pk": 42, "fields": {"place": 24, "state": 1, "user": 1, "rating": 5, "comment": "jjjj", "created_at": "2025-06-21T10:12:39.945Z"}}, {"model": "core.review", "pk": 43, "fields": {"place": 24, "state": 1, "user": 1, "rating": 5, "comment": "jjjj", "created_at": "2025-06-21T10:12:39.946Z"}}, {"model": "core.review", "pk": 44, "fields": {"place": 24, "state": 1, "user": 1, "rating": 5, "comment": "jjjj", "created_at": "2025-06-21T10:12:39.946Z"}}, {"model": "core.review", "pk": 45, "fields": {"place": 6, "state": 2, "user": 1, "rating": 4, "comment": "good", "created_at": "2025-06-26T12:16:17.467Z"}}, {"model": "core.review", "pk": 46, "fields": {"place": 25, "state": 1, "user": 1, "rating": 4, "comment": "hii", "created_at": "2025-06-26T13:17:50.114Z"}}, {"model": "core.review", "pk": 47, "fields": {"place": 25, "state": 1, "user": 1, "rating": 4, "comment": "hii", "created_at": "2025-06-26T13:17:50.113Z"}}, {"model": "core.contact", "pk": 1, "fields": {"name": "rahul nani", "email": "rahulview65@gmail.com", "phone": "7075960680", "subject": "Doubt on places", "message": "yess contact", "created_at": "2025-06-19T10:27:48.083Z"}}, {"model": "core.contact", "pk": 2, "fields": {"name": "rahul nani", "email": "rahulview65@gmail.com", "phone": "7075960680", "subject": "fuck you", "message": "waste website", "created_at": "2025-06-19T18:06:34.675Z"}}, {"model": "core.contact", "pk": 4, "fields": {"name": "rahul nani", "email": "am.en.u4aie22036@am.students.amrita.edu", "phone": null, "subject": "Doubt on places", "message": "hii", "created_at": "2025-06-27T18:32:49.259Z"}}, {"model": "core.contact", "pk": 5, "fields": {"name": "rahul nani", "email": "am.en.u4aie22036@am.students.amrita.edu", "phone": null, "subject": "Doubt on places", "message": "hii", "created_at": "2025-06-27T18:33:11.147Z"}}, {"model": "core.favorite", "pk": 2, "fields": {"user": 1, "place": 22, "created_at": "2025-06-07T09:42:18.460Z"}}, {"model": "core.favorite", "pk": 3, "fields": {"user": 1, "place": 21, "created_at": "2025-06-08T09:47:11.255Z"}}, {"model": "core.favorite", "pk": 4, "fields": {"user": 1, "place": 19, "created_at": "2025-06-09T18:21:49.270Z"}}, {"model": "core.favorite", "pk": 5, "fields": {"user": 3, "place": 22, "created_at": "2025-06-09T18:34:50.541Z"}}, {"model": "core.favorite", "pk": 6, "fields": {"user": 1, "place": 33, "created_at": "2025-06-18T18:17:05.056Z"}}, {"model": "core.favorite", "pk": 7, "fields": {"user": 1, "place": 17, "created_at": "2025-06-20T11:40:04.252Z"}}, {"model": "core.favorite", "pk": 8, "fields": {"user": 1, "place": 38, "created_at": "2025-06-20T18:53:12.310Z"}}, {"model": "core.favorite", "pk": 9, "fields": {"user": 1, "place": 81, "created_at": "2025-06-20T21:11:38.841Z"}}, {"model": "core.favorite", "pk": 10, "fields": {"user": 1, "place": 14, "created_at": "2025-06-20T22:03:32.148Z"}}, {"model": "core.favorite", "pk": 11, "fields": {"user": 1, "place": 94, "created_at": "2025-06-20T22:39:50.874Z"}}, {"model": "core.favorite", "pk": 12, "fields": {"user": 1, "place": 93, "created_at": "2025-06-20T22:39:53.982Z"}}, {"model": "core.favorite", "pk": 13, "fields": {"user": 1, "place": 92, "created_at": "2025-06-20T22:42:20.243Z"}}, {"model": "core.favorite", "pk": 14, "fields": {"user": 1, "place": 55, "created_at": "2025-06-21T09:02:19.212Z"}}, {"model": "core.favorite", "pk": 15, "fields": {"user": 1, "place": 77, "created_at": "2025-06-21T09:09:40.682Z"}}, {"model": "core.favorite", "pk": 16, "fields": {"user": 1, "place": 63, "created_at": "2025-06-21T09:15:13.066Z"}}, {"model": "core.favorite", "pk": 17, "fields": {"user": 1, "place": 62, "created_at": "2025-06-21T09:15:16.004Z"}}, {"model": "core.favorite", "pk": 18, "fields": {"user": 1, "place": 108, "created_at": "2025-06-21T10:12:20.928Z"}}, {"model": "core.favorite", "pk": 19, "fields": {"user": 1, "place": 78, "created_at": "2025-06-21T11:04:54.617Z"}}, {"model": "core.favorite", "pk": 20, "fields": {"user": 1, "place": 15, "created_at": "2025-06-25T17:12:15.968Z"}}, {"model": "core.favorite", "pk": 21, "fields": {"user": 1, "place": 116, "created_at": "2025-06-26T09:29:43.475Z"}}, {"model": "core.favorite", "pk": 22, "fields": {"user": 1, "place": 114, "created_at": "2025-06-26T09:32:38.069Z"}}, {"model": "core.favorite", "pk": 23, "fields": {"user": 1, "place": 106, "created_at": "2025-06-26T09:38:09.123Z"}}, {"model": "core.favorite", "pk": 24, "fields": {"user": 1, "place": 97, "created_at": "2025-06-26T09:38:14.182Z"}}, {"model": "core.favorite", "pk": 25, "fields": {"user": 1, "place": 5, "created_at": "2025-06-26T09:38:48.825Z"}}, {"model": "core.favorite", "pk": 26, "fields": {"user": 1, "place": 57, "created_at": "2025-06-26T09:39:12.145Z"}}, {"model": "core.favorite", "pk": 27, "fields": {"user": 1, "place": 2, "created_at": "2025-06-26T09:43:51.070Z"}}, {"model": "core.favorite", "pk": 29, "fields": {"user": 1, "place": 113, "created_at": "2025-06-26T09:50:28.806Z"}}, {"model": "core.favorite", "pk": 30, "fields": {"user": 1, "place": 13, "created_at": "2025-06-26T09:53:48.567Z"}}, {"model": "core.favorite", "pk": 32, "fields": {"user": 1, "place": 28, "created_at": "2025-06-26T10:17:32.585Z"}}, {"model": "core.favorite", "pk": 33, "fields": {"user": 1, "place": 96, "created_at": "2025-06-26T10:17:34.554Z"}}, {"model": "core.favorite", "pk": 34, "fields": {"user": 1, "place": 95, "created_at": "2025-06-26T10:21:38.764Z"}}, {"model": "core.favorite", "pk": 37, "fields": {"user": 1, "place": 82, "created_at": "2025-06-26T10:40:50.372Z"}}, {"model": "core.favorite", "pk": 39, "fields": {"user": 1, "place": 18, "created_at": "2025-06-26T11:12:46.704Z"}}, {"model": "core.favorite", "pk": 40, "fields": {"user": 1, "place": 45, "created_at": "2025-06-26T11:12:57.006Z"}}, {"model": "core.favorite", "pk": 41, "fields": {"user": 1, "place": 52, "created_at": "2025-06-26T11:16:17.772Z"}}, {"model": "core.favorite", "pk": 42, "fields": {"user": 1, "place": 54, "created_at": "2025-06-26T11:16:24.592Z"}}, {"model": "core.favorite", "pk": 44, "fields": {"user": 1, "place": 16, "created_at": "2025-06-26T11:30:22.575Z"}}, {"model": "core.favorite", "pk": 45, "fields": {"user": 1, "place": 42, "created_at": "2025-06-26T11:30:33.359Z"}}, {"model": "core.favorite", "pk": 46, "fields": {"user": 1, "place": 40, "created_at": "2025-06-26T11:31:05.231Z"}}, {"model": "core.favorite", "pk": 47, "fields": {"user": 1, "place": 49, "created_at": "2025-06-26T11:34:12.051Z"}}, {"model": "core.favorite", "pk": 48, "fields": {"user": 1, "place": 48, "created_at": "2025-06-26T11:34:13.346Z"}}, {"model": "core.favorite", "pk": 49, "fields": {"user": 1, "place": 46, "created_at": "2025-06-26T11:45:05.916Z"}}, {"model": "core.favorite", "pk": 50, "fields": {"user": 1, "place": 53, "created_at": "2025-06-26T11:45:32.814Z"}}, {"model": "core.favorite", "pk": 51, "fields": {"user": 1, "place": 41, "created_at": "2025-06-26T11:50:47.391Z"}}, {"model": "core.favorite", "pk": 53, "fields": {"user": 1, "place": 20, "created_at": "2025-06-26T12:00:52.702Z"}}, {"model": "core.favorite", "pk": 54, "fields": {"user": 1, "place": 30, "created_at": "2025-06-26T12:02:57.487Z"}}, {"model": "core.favorite", "pk": 56, "fields": {"user": 1, "place": 1, "created_at": "2025-06-28T09:08:54.210Z"}}, {"model": "core.inquiry", "pk": 1, "fields": {"state": 6, "name": "rahul nani", "email": "rahulview65@gmail.com", "phone": "7984737900", "travel_dates": "dec 5", "travelers": "2", "message": "goof", "user": 1, "created_at": "2025-06-18T09:53:25.379Z", "is_resolved": false}}, {"model": "core.inquiry", "pk": 2, "fields": {"state": 6, "name": "rahul nani", "email": "sai@gmail.com", "phone": "7984737900", "travel_dates": "feb 4", "travelers": "2", "message": "joooo", "user": 1, "created_at": "2025-06-19T09:48:15.573Z", "is_resolved": false}}, {"model": "core.inquiry", "pk": 3, "fields": {"state": 6, "name": "rahul nani", "email": "sai@gmail.com", "phone": "7984737900", "travel_dates": "feb 4", "travelers": "2", "message": "joooo", "user": 1, "created_at": "2025-06-19T09:49:27.583Z", "is_resolved": false}}, {"model": "core.inquiry", "pk": 4, "fields": {"state": 6, "name": "ram", "email": "sai@gmail.com", "phone": "7984737900", "travel_dates": "feb 4", "travelers": "5+", "message": "need help", "user": 1, "created_at": "2025-06-19T09:50:02.474Z", "is_resolved": false}}, {"model": "core.inquiry", "pk": 5, "fields": {"state": 2, "name": "rahul nani", "email": "rahulview65@gmail.com", "phone": "7984737900", "travel_dates": "dec 5", "travelers": "4", "message": "mojiuhuhuh", "user": 1, "created_at": "2025-06-20T20:24:35.157Z", "is_resolved": false}}, {"model": "core.inquiry", "pk": 6, "fields": {"state": 6, "name": "tyu", "email": "am.en.u4aie22036@am.students.amrita.edu", "phone": "70759 60680", "travel_dates": "dec 15", "travelers": "2", "message": "uuu", "user": 1, "created_at": "2025-06-26T12:42:25.543Z", "is_resolved": false}}]